x1,x2,y
firm,pigheaded,1
defend,attack,1
revolutionary,terrorist,1
disagree,slam,1
conservative,ultraconservative,1
rightwing,ultraconservative,1
progressive,leftwing,1
activist,leftwing,1
demonstration,disruption,1
prolife,antiabortion,1
polite,diplomatic,1
leader,dictator,1
dictator,murderer,1
dictator,despot,1
leader,despot,1
despot,murderer,1
revolutionist,murderer,1
revolutionist,agitator,1
revolutionist,rebel,1
easygoing,lazy,1
easygoing,slovenly,1
lazy,slovenly,1
epicure,gourmand,1
gourmand,glutton,1
overeater,glutton,1
epicure,overeater,1
thrifty,tight,1
tight,stingy,1
thrifty,stingy,1
forehanded,stingy,1
forehanded,illiberal,1
stickler,pedant,1
perfectionist,pedant,1
perfectionist,nitpicker,1
disciplinarian,nitpicker,1
vindicated,cleared,1
vindicated,whitewashed,1
cleared,whitewashed,1
eye,ogle,1
ogle,perv,1
eye,perv,1
observe,ogle,1
charm,seduce,1
seduce,harass,1
harass,rape,1
seduce,rape,1
enhance,overstate,1
overstate,falsify,1
enhance,falsify,1
elaborate,overstate,1
elaborate,overdo,1
enhance,overdo,1
liberated,eccentric,1
individualistic,eccentric,1
liberated,strange,1
individualistic,strange,1
strange,freak,1
eccentric,crazy,1
strange,crazy,1
eccentric,wild,1
strange,wild,1
liberated,crazy,1
individualistic,crazy,1
liberated,wild,1
individualistic,wild,1
liberated,freak,1
individualistic,freak,1
criticize,thrash,1
criticize,slam,1
criticize,roast,1
question,blame,1
probe,smack,1
question,hit,1
undocumented,illegal,1
catch,nail,1
arrest,nail,1
duplicity,insincerity,1
insincerity,hypocrisy,1
duplicity,hypocrisy,1
demonstration,revolution,1
whistleblower,snitch,1
whistleblower,tattletale,1
whistleblower,fink,1
informer,snitch,1
informant,snitch,1
source,snitch,1
informer,tattletale,1
informant,tattletale,1
source,tattletale,1
tipster,snitch,1
tipster,tattletale,1
tipster,fink,1
reconsidered,changed,1
reconsidered,renege,1
reconsidered,welsh,1
changed,welsh,1
changed,renege,1
exuberant,talkative,1
talkative,drunk,1
exuberant,drunk,1
energetic,talkative,1
energetic,uncontrollable,1
uncontrollable,energetic,1
energetic,drunk,1
sparkling,talkative,1
sparkling,drunk,1
exuberant,drunkard,1
talkative,drunkard,1
energetic,drunkard,1
sparkling,drunkard,1
conversational,drunk,1
conversational,drunkard,1
energetic,conversational,1
exuberant,conversational,1
sparkling,conversational,1
lively,uncontrollable,1
lively,wild,1
lively,chaotic,1
lively,crowded,1
crowded,wild,1
crowded,chaotic,1
crowded,uncontrollable,1
buzzing,uncontrollable,1
buzzing,wild,1
buzzing,chaotic,1
buzzing,crowded,1
fondle,grope,1
highlight,repeat,1
talk,repeat,1
charm,simper,1
simper,gushes,1
charm,gushes,1
amusing,befuddled,1
artistic,bohemian,1
bohemian,freak,1
artistic,freak,1
plunging,risqué,1
inelegant,risqué,1
décolleté,risqué,1
plunging,provocative,1
inelegant,provocative,1
décolleté,provocative,1
plunging,filthy,1
inelegant,filthy,1
décolleté,filthy,1
plunging,tarty,1
inelegant,tarty,1
décolleté,tarty,1
risqué,tarty,1
whimper,blubber,1
snivel,blubber,1
concerned,interfering,1
attentive,interfering,1
attentive,intrusive,1
concerned,intrusive,1
attentive,snooping,1
concerned,snooping,1
attentive,meddlesome,1
concerned,meddlesome,1
oversize,fat,1
procrastinate,stall,1
temporize,stall,1
dreamer,daydreamer,1
visionary,daydreamer,1
attack,defend,1
attack,counterattack,1
attack,retaliation,1
bombard,attack,1
beg,ask,1
demand,ask,1
hardliner,conservative,1
hardliner,rightwing,1
riot,demonstration,1
harass,probe,1
terrorist,activist,1
terrorist,protestor,1
terrorist,revolutionary,1
slam,disagree,1
ultraconservative,conservative,1
ultraconservative,rightwing,1
leftwing,progressive,1
leftwing,activist,1
disruption,demonstration,1
antiabortion,prolife,1
diplomatic,polite,1
dictator,leader,1
murderer,dictator,1
despot,dictator,1
despot,leader,1
murderer,despot,1
murderer,revolutionist,1
agitator,revolutionist,1
rebel,revolutionist,1
lazy,easygoing,1
slovenly,easygoing,1
slovenly,lazy,1
gourmand,epicure,1
glutton,gourmand,1
glutton,overeater,1
overeater,epicure,1
tight,thrifty,1
stingy,tight,1
stingy,thrifty,1
stingy,economical,1
stingy,forehanded,1
miserly,economical,1
parsimonious,economical,1
illiberal,forehanded,1
pedant,stickler,1
pedant,perfectionist,1
nitpicker,perfectionist,1
nitpicker,disciplinarian,1
cleared,vindicated,1
whitewashed,vindicated,1
whitewashed,cleared,1
ogle,eye,1
perv,ogle,1
perv,eye,1
ogle,observe,1
seduce,charm,1
harass,seduce,1
rape,harass,1
rape,seduce,1
overstate,enhance,1
falsify,overstate,1
falsify,enhance,1
overstate,elaborate,1
overdo,elaborate,1
overdo,enhance,1
eccentric,liberated,1
eccentric,individualistic,1
strange,liberated,1
strange,individualistic,1
freak,strange,1
crazy,eccentric,1
crazy,strange,1
wild,eccentric,1
wild,strange,1
crazy,liberated,1
crazy,individualistic,1
wild,liberated,1
wild,individualistic,1
freak,liberated,1
freak,individualistic,1
thrash,criticize,1
slam,criticize,1
roast,criticize,1
blame,question,1
smack,probe,1
hit,question,1
illegal,undocumented,1
nail,catch,1
nail,arrest,1
insincerity,duplicity,1
hypocrisy,insincerity,1
hypocrisy,duplicity,1
revolution,demonstration,1
snitch,whistleblower,1
tattletale,whistleblower,1
fink,whistleblower,1
snitch,informer,1
snitch,informant,1
snitch,source,1
tattletale,informer,1
tattletale,informant,1
tattletale,source,1
snitch,tipster,1
tattletale,tipster,1
fink,tipster,1
annoyed,indignant,1
mad,annoyed,1
changed,reconsidered,1
renege,reconsidered,1
welsh,reconsidered,1
welsh,changed,1
renege,changed,1
talkative,exuberant,1
drunk,talkative,1
drunk,exuberant,1
talkative,energetic,1
drunk,energetic,1
talkative,sparkling,1
drunk,sparkling,1
drunkard,exuberant,1
drunkard,talkative,1
drunkard,energetic,1
drunkard,sparkling,1
drunk,conversational,1
drunkard,conversational,1
conversational,energetic,1
conversational,exuberant,1
conversational,sparkling,1
uncontrollable,lively,1
wild,lively,1
chaotic,lively,1
crowded,lively,1
wild,crowded,1
chaotic,crowded,1
uncontrollable,crowded,1
uncontrollable,buzzing,1
wild,buzzing,1
chaotic,buzzing,1
crowded,buzzing,1
grope,fondle,1
repeat,highlight,1
repeat,talk,1
simper,charm,1
gushes,simper,1
gushes,charm,1
befuddled,amusing,1
bohemian,artistic,1
freak,bohemian,1
freak,artistic,1
risqué,plunging,1
risqué,inelegant,1
risqué,décolleté,1
provocative,plunging,1
provocative,inelegant,1
provocative,décolleté,1
filthy,plunging,1
filthy,inelegant,1
filthy,décolleté,1
tarty,plunging,1
tarty,inelegant,1
tarty,décolleté,1
tarty,risqué,1
blubber,whimper,1
blubber,snivel,1
interfering,concerned,1
interfering,attentive,1
intrusive,attentive,1
intrusive,concerned,1
snooping,attentive,1
snooping,concerned,1
meddlesome,attentive,1
meddlesome,concerned,1
fat,oversize,1
stall,procrastinate,1
stall,temporize,1
daydreamer,dreamer,1
daydreamer,visionary,1
admonitions,bioassays,0
adobes,rimming,0
adopter,inalterable,0
adopts,gradualness,0
adorable,pansies,0
adorableness,sandier,0
adorers,remit,0
adorned,middleclass,0
adornment,howdah,0
adorns,poser,0
adrenal,abattoirs,0
adrenals,rerecording,0
adrenergic,amman,0
adrift,conductance,0
adroitness,auld,0
ads,agglomerates,0
adsorption,crossbreds,0
adulate,glinting,0
adulation,threes,0
adulatory,charity,0
adult,propositioning,0
adulterated,clumsier,0
adulterating,arrivederci,0
adulterous,skins,0
adulthood,wonder,0
adultress,ischial,0
adumbrated,mumble,0
adv,physiographic,0
advance,aftershocks,0
advancers,improver,0
advancing,guns,0
advantage,toxicologic,0
advantaged,fictionalize,0
adventuring,culpability,0
adventurous,modeller,0
adventurously,dialectic,0
adverbial,frontotemporal,0
adverbs,xmas,0
adversarial,boattail,0
adversaries,miniaturizes,0
advertisement,intransigence,0
advertisers,standards,0
advertising,peskiness,0
advice,rexine,0
advisable,appends,0
advised,suggested,0
advisedly,profiteered,0
advisory,miscount,0
advocaat,boycotts,0
advocated,axels,0
advocates,broadside,0
advocation,gainsaying,0
adz,ostrich,0
aedes,uneasily,0
aeolian,sarson,0
aeons,abatements,0
aequorin,cottontail,0
aeration,distributor,0
aerially,matt,0
aerials,radicality,0
aerobatics,officiates,0
aerobes,epigraphy,0
aerobic,ulcerating,0
aerodynamical,mammillary,0
aerodynamics,portability,0
aerofoil,bullnose,0
aerofoils,arbor,0
aeronautic,peewees,0
aerostat,aphelion,0
aesthetically,prelitigation,0
aether,peppier,0
affectation,directional,0
affecting,postie,0
affection,designed,0
affections,paragon,0
affective,hollows,0
affectively,duplicate,0
affects,anting,0
affenpinscher,qr,0
affiants,pottered,0
afficionado,fogbound,0
affidavits,sedimentary,0
affiliate,namers,0
affiliates,roomy,0
affiliating,coordination,0
affinities,panties,0
affirmation,jibs,0
affirmatives,gullets,0
affirmed,gunrunner,0
affixes,crustiest,0
afflicted,haemolysis,0
afflicting,acacias,0
affluent,unanswered,0
affluently,madam,0
afford,zealousness,0
affordable,textless,0
affords,heterozygosity,0
afforestation,cong,0
afforested,stowage,0
affront,victimizing,0
afghanis,buttonhole,0
aficionado,fuddled,0
afoot,maja,0
afoul,protists,0
afraid,luminous,0
africa,fiel,0
afridi,praise,0
afront,bluegill,0
afros,putters,0
afterglows,conditioned,0
afterhours,pratt,0
afterimages,pluralization,0
aftershave,barmaids,0
aftershaves,womanliness,0
aftertax,podded,0
afterthought,fwd,0
afterwards,apertures,0
afterword,compromised,0
afterwork,sustenance,0
afterworld,coachbuilder,0
ag,addenda,0
against,straightjacket,0
agarose,preserved,0
agates,somatic,0
agave,turnkey,0
agen,ugly,0
agency,roofline,0
agendum,untrained,0
agents,controls,0
aggiornamento,keynoted,0
agglomerated,presbyter,0
agglomeration,manner,0
agglomerations,okaying,0
agglutination,viaducts,0
aggrandise,tightwad,0
aggrandising,baits,0
aggrandized,kinkiness,0
aggravated,plonking,0
aggravates,verbosely,0
aggregated,dazzles,0
aggregates,faxed,0
aggregation,tidying,0
aggressing,deadpans,0
aggressive,footrests,0
aggressiveness,gorily,0
aggressor,postals,0
aggrieved,swishy,0
aggro,entreaties,0
aghast,secreted,0
agitate,feebleminded,0
agitating,varietally,0
agitational,lobal,0
agitations,traversal,0
agitprop,herniate,0
aglow,pyometra,0
agonises,boyfriends,0
agonists,nubbins,0
agonizingly,tailplane,0
agorot,papal,0
agos,rarely,0
agouti,nomic,0
agrarian,progressivity,0
agrarians,preapprove,0
agreeableness,implore,0
agreeably,droving,0
agric,amicable,0
agriculturalist,tramline,0
agrologist,tanoa,0
agronomical,cueball,0
agronomists,cosmogenic,0
agt,fathered,0
ahead,malo,0
ahistorical,kombu,0
ai,thro,0
ayah,footboards,0
aided,gore,0
airbrushed,patio,0
airburst,acid,0
aircraftsman,overlooked,0
airdates,biweekly,0
airdropped,apparent,0
airdropping,provolone,0
airdrops,crawlspace,0
airfare,manifesto,0
airframes,info,0
airfreight,preclinical,0
airglow,unplucked,0
airhead,wiseacre,0
airheads,trading,0
airline,fusillade,0
airliners,probational,0
airpark,molted,0
airplane,tantric,0
airplanes,headship,0
airport,subducted,0
airshed,hemangiomas,0
airship,whiteouts,0
airships,pamper,0
airsick,demolished,0
airspeed,anticipating,0
airstrip,chalets,0
airtime,sunbeams,0
airways,sheepdog,0
airwave,shoe,0
airwomen,cursed,0
ais,oblong,0
aisled,sterlings,0
aisles,equaled,0
aitch,ponderosa,0
ayurveda,nape,0
ajax,amongst,0
ajoint,scenary,0
ajuga,sogginess,0
akala,radius,0
akan,repealer,0
ake,proposes,0
akey,jockeys,0
aking,nickeling,0
akka,swindlers,0
ala,corning,0
alack,buckaroos,0
alacrity,hyperlipidemia,0
alaihi,ordainment,0
alanine,pioneers,0
alap,slags,0
alar,wrongs,0
alarm,oxidation,0
alarmism,snappy,0
alarums,glove,0
alaska,worlds,0
alaskite,huddled,0
albert,basting,0
alberta,marigolds,0
albicans,titillation,0
albinism,cinquefoil,0
albino,expander,0
albitite,standi,0
albumin,supes,0
albuminuria,pyrexia,0
alcalde,overrates,0
alcantara,outshone,0
alchemists,alibis,0
alcoves,bibulous,0
aldehydes,cresting,0
alderwoman,stockcar,0
ale,pedicurists,0
alerted,filmmaking,0
alertly,latency,0
alerts,evenhandedness,0
alex,ices,0
alexandra,hotheads,0
alexandrite,unrung,0
alexis,healthcare,0
alf,runners,0
alfa,reinforcer,0
algae,wedged,0
algorithmic,gazetted,0
algorithmically,downs,0
aly,facies,0
aliases,cripes,0
alien,wranglers,0
alienable,crocus,0
alienation,footballer,0
alighting,impinge,0
aligned,sheathes,0
aligners,paperboy,0
alignments,predicting,0
aligns,hometown,0
alii,agglomerated,0
aliments,easing,0
alimony,fetal,0
aliquot,twiddle,0
aliquots,torta,0
alk,glorying,0
alkalinity,fondled,0
alkalizing,splashes,0
alkaloid,coastward,0
alkalosis,creeping,0
alkene,homicidal,0
alkyd,farrago,0
alkies,sophisticate,0
alkylates,dichroic,0
allayed,extorsion,0
alleges,ejaculates,0
allegiance,foul,0
allegiant,haymaking,0
allegro,meatheads,0
alleyway,emulating,0
allergen,chamfers,0
allergenicity,lightless,0
allergists,godchildren,0
alleviate,condoles,0
alleviates,kutcha,0
allez,sundown,0
ally,speedometer,0
alliances,transcends,0
alligators,putti,0
allyl,tacitly,0
alliterative,tasted,0
allocable,panhandled,0
allocating,inductively,0
alloying,dictions,0
allopathy,bureaucrats,0
allophone,scorns,0
allopurinol,punishments,0
allot,corporal,0
allotransplantation,anew,0
allowances,angioplasty,0
allowing,clockings,0
alluded,autochanger,0
allurement,pitchy,0
allusiveness,tye,0
alluvials,indirectness,0
almandine,runnier,0
almighty,ideologist,0
almonds,morphometry,0
aloe,ambos,0
aloha,reserpine,0
aloneness,glasslike,0
alopecia,faeries,0
aloud,unbothered,0
alpaca,abridge,0
alphabet,lynch,0
alphabetization,annuals,0
alpinism,quartersawn,0
also,headquartered,0
alt,nascent,0
altar,hon,0
altarpiece,nicknaming,0
alter,pummeling,0
alterity,sighs,0
alternate,docility,0
alternately,piscine,0
alternating,cumene,0
alternatingly,dispirited,0
alternatives,suberin,0
alternators,biogas,0
altimetry,centralists,0
altitude,oat,0
altitudes,surrealists,0
altos,unsalable,0
altruism,indigestion,0
altruistically,insureds,0
aluminosilicate,coifed,0
aluminum,homecomings,0
alumnae,animosities,0
alveoli,swats,0
alzheimer,quilts,0
am,resonator,0
amalgamates,hierarchal,0
amalgamating,potholes,0
amanda,guesstimating,0
amani,wheelings,0
amaranth,observatories,0
amas,pilferers,0
amass,pasting,0
amazonian,pointy,0
amba,mids,0
ambas,pursuing,0
ambassadors,alex,0
ambassadress,gateman,0
ambergris,psychiatrists,0
amberjack,cocksureness,0
ambidextrous,misdeeds,0
ambiguity,observership,0
ambiguousness,courted,0
ambisexual,nemeses,0
ambition,slumbering,0
ambivalently,fane,0
ambrose,flanking,0
ambrosial,vestries,0
ambulanced,hicks,0
ambulances,dehumanised,0
ambulate,onanism,0
ambulation,refashions,0
ameba,cubbies,0
amebic,fanciers,0
amelia,tyranny,0
ameliorated,hogshead,0
ameliorates,counterblast,0
amendments,semble,0
amenity,curtaining,0
amenities,retropubic,0
americana,rashes,0
amiability,klutziness,0
amiably,mournful,0
amicable,presbycusis,0
amici,appreciation,0
amicus,parliaments,0
amid,shopworn,0
amidships,kennedy,0
amygdale,arizona,0
amygdalin,scrutinizers,0
amine,serving,0
amit,blini,0
amma,emergence,0
ammo,incised,0
ammonia,untimely,0
ammunition,recaps,0
amnesiac,machineries,0
amnesty,interpretational,0
amnesties,concessions,0
amnion,profiler,0
amoeba,distills,0
amoebic,matchbook,0
among,environmentalism,0
amorality,moonrise,0
amorphous,sapphic,0
amorphousness,suffragist,0
amortizes,minces,0
amortizing,longitude,0
amounted,remotely,0
amounting,pharmacologically,0
amours,mesquite,0
ampersands,contracts,0
amphib,blasphemer,0
amphibole,respin,0
amphipod,bifurcated,0
amphitheater,tenant,0
amphitheaters,queering,0
amphora,dislodging,0
ampler,impost,0
amplitude,stylization,0
ampoules,seabeds,0
ampules,ieee,0
amt,metric,0
amuck,alteration,0
amulet,theoretical,0
amuse,cardon,0
amusement,kerbing,0
amusements,ende,0
ana,bulleting,0
anabolic,wawa,0
anachronism,wrench,0
anaerobes,progenitors,0
anaerobic,anthologies,0
analgesia,unexpressive,0
analytical,humbugging,0
analytics,mummer,0
analyzation,fettering,0
analogy,skylines,0
analogize,conversions,0
analogously,merry,0
analogues,dissemination,0
anaphase,underfire,0
anaphylaxis,indigeneity,0
anaplasmosis,sept,0
anarcho,neet,0
anastomoses,mosaics,0
anatase,conjured,0
anatomic,girls,0
anatomical,sayers,0
anatomies,downhearted,0
anc,parturition,0
ancestral,hectare,0
ancestrally,mulch,0
anchorage,ginseng,0
anchored,outbuilding,0
anchorless,placed,0
anchovy,rages,0
anciens,biscuit,0
ancora,preferred,0
andante,shochet,0
anderson,actuated,0
andesite,karate,0
andesites,hobbyhorse,0
andesitic,puffed,0
andirons,mesophilic,0
andre,pung,0
andreas,triskaidekaphobia,0
androgenous,suspend,0
androgynous,whomped,0
androids,prestandard,0
ane,rematch,0
anecdotes,perpetrated,0
anemia,dew,0
anemic,contributes,0
anemometer,kilter,0
anencephalic,truckie,0
anent,preface,0
anesthesiologists,alrighty,0
anesthetics,criticize,0
anesthetize,tempore,0
anesthetized,gingerol,0
aneuploidy,bales,0
aneurism,briers,0
aneurysms,unrecognizably,0
anew,twitterer,0
anga,bronchial,0
angel,debilitates,0
angelo,treacheries,0
angelonia,tolerances,0
angels,overarching,0
anger,dirges,0
angiographic,harding,0
angioplasty,nearsighted,0
angiosperms,shipbuilders,0
anglaise,streptomycin,0
angry,defame,0
angrily,nonregistered,0
angst,collide,0
angulation,tourisms,0
angus,abandoned,0
anhinga,bulges,0
any,display,0
anybody,desorption,0
anybodies,asians,0
anicut,untamed,0
anigh,triglyceride,0
animated,paleontologist,0
animatedly,legume,0
animator,dalaga,0
animators,coveralls,0
animes,hams,0
aniridia,purported,0
anythings,outraces,0
anyways,paunchy,0
ankerite,inputs,0
ankle,bighearted,0
anklebone,ultraorthodox,0
ankles,fool,0
anne,seafloors,0
annexations,orthoxylene,0
annexing,diverticulitis,0
annie,invariants,0
annihilated,inker,0
annoyances,pins,0
annoying,joints,0
annoyingly,reopening,0
annotation,buhl,0
annotations,cannonade,0
announcer,dooryard,0
announces,vermis,0
annuity,nonconsecutive,0
annularity,keeshond,0
annulation,shoplifting,0
annulus,corkage,0
annum,suasion,0
annunciated,mazurkas,0
annunciation,ungovernable,0
annunciators,slagged,0
anodizing,tedious,0
anoint,tappa,0
anomalies,freethinkers,0
anomalism,episcopal,0
anomic,workhorse,0
anonymously,misdirecting,0
anopheles,sheikhs,0
anorak,accurate,0
anorectic,intaglios,0
another,enumerate,0
anoxic,decongested,0
anser,disaffiliated,0
answerable,pellagra,0
answering,backslappers,0
antacid,leukoderma,0
antagonistic,superiority,0
antagonize,crematoriums,0
antagonizing,derated,0
anteater,chorographer,0
antecedence,sidelining,0
antedates,overwork,0
anteing,priestly,0
antelope,contaminant,0
antenatal,vernacular,0
antennae,winces,0
antepartum,prefabrication,0
anteriorly,capitulating,0
anterograde,rectum,0
anteroom,malolactic,0
anthill,indirects,0
anthocyanin,hotfoots,0
anthological,corruptible,0
anthologies,bemusement,0
anthologized,abets,0
anthropocentric,lotions,0
anthropologic,currently,0
anthropological,surmising,0
anthropometry,newel,0
anthropomorphizing,tachometers,0
anti,cadastre,0
antiabortion,privately,0
antibiotic,bronchi,0
antibody,scrolls,0
anticholinergic,unmentionables,0
antichrists,stresses,0
anticyclone,infanticides,0
anticyclones,blinded,0
anticipate,ethnos,0
anticipates,eddying,0
anticipative,outfitting,0
anticipator,demonically,0
anticipatory,meaning,0
anticlimactically,foreclosed,0
anticlimax,bimbos,0
anticommunists,applicative,0
anticompetitive,sicca,0
anticonstitutional,procaine,0
anticonvulsant,mute,0
anticrisis,fettled,0
antidepressant,ired,0
antidiabetic,prejudicial,0
antidisestablishmentarianism,mismatches,0
antidotes,wiz,0
antiestablishment,insubstantiality,0
antievolution,sandbanks,0
antifeminist,easer,0
antiferromagnetic,characterized,0
antigenic,sights,0
antigens,tumultuously,0
antiglare,toupee,0
antigraft,buffaloes,0
antigrowth,bayonet,0
antiheroes,humpy,0
antilabor,gluers,0
antimacassars,analgesia,0
antimalaria,adventure,0
antimitotic,matchless,0
antimony,churrasco,0
antimonide,pinners,0
antimonopoly,bouncer,0
antinarcotics,quay,0
antinomian,dietitian,0
antiparallel,hardness,0
antipasti,w,0
antipersonnel,palila,0
antiperspirants,smote,0
antipyretics,lyrebird,0
antipodean,boldest,0
antipsychotic,bees,0
antiquarian,mayoralty,0
antiquers,almanacs,0
antiquing,utilizations,0
antiracism,weighed,0
antisemitism,lawyer,0
antiseptics,toil,0
antisocially,whatever,0
antistate,dashboards,0
antitax,slums,0
antithetical,summaries,0
antithyroid,androgynous,0
antitoxin,grumpily,0
antitoxins,unpacking,0
antitrust,nonviral,0
antitumor,yearningly,0
antivirus,asses,0
antral,tortuously,0
ants,islam,0
anus,decorative,0
anxieties,proverb,0
anxiously,pietist,0
anxiousness,imprisoning,0
apache,nightlong,0
apart,stableboy,0
apatite,kaempferol,0
aper,shishya,0
apes,piperine,0
apexes,declaring,0
aphasic,cyclase,0
aphids,extradite,0
aphorisms,overspill,0
aphrodisiacal,counterclockwise,0
aphrodisiacs,vended,0
apiary,arapaima,0
apiarist,drivel,0
apigenin,triceps,0
aplastic,ichthyologists,0
apocalypse,team,0
apocalyptic,proportioned,0
apocalyptically,nonroutine,0
apocrine,restring,0
apocryphally,botanically,0
apodyterium,supramolecular,0
apogee,hardheads,0
apolitically,shorten,0
apologetically,livened,0
apologetics,castrations,0
apology,turbopump,0
apologist,pinkie,0
apologize,roughening,0
apologizer,bushland,0
apomorphine,intermedia,0
apoplectic,naturalized,0
apostasies,denies,0
apostolate,sightings,0
apostolic,preeminently,0
appal,comatose,0
appalling,intraosseous,0
appalls,fretfully,0
appaloosas,abstainers,0
apparatchik,achiness,0
apparels,nucleus,0
appealingly,scolds,0
appearances,reassembly,0
appears,optimistically,0
appellants,perfume,0
appellees,diplomate,0
appended,sermonized,0
appendicitis,muse,0
appending,tapestries,0
appetite,industriously,0
appetitive,flocking,0
appetizer,retrievals,0
applauded,noradrenalin,0
applecart,osteoporosis,0
applejack,guardian,0
applesauce,aircrew,0
appliance,neighboring,0
appliances,repousse,0
applicability,pelage,0
applicable,equestrienne,0
applications,unresponsiveness,0
appliers,munsif,0
applies,statutorily,0
appointee,disable,0
appointees,lassitude,0
appointment,visa,0
appointor,something,0
apportionments,piloted,0
appraisal,cretins,0
appraisals,parsimonious,0
appraises,repulses,0
appreciable,nonoffensive,0
appreciate,wolfs,0
appreciated,fittest,0
appreciation,toxified,0
appreciations,clockers,0
appreciator,epicondylitis,0
apprehend,filmstrip,0
apprehended,defends,0
apprehending,tacks,0
apprehensions,taiga,0
apprenticeship,vinegars,0
apprenticeships,willowy,0
apprises,rapporteur,0
apprized,gloatingly,0
appropriate,gobbledegook,0
appropriating,mango,0
appropriation,shipmate,0
appropriations,paradox,0
approvals,lightful,0
approved,relicts,0
approvers,ladykiller,0
approximating,epicurean,0
approximations,demonizing,0
appt,retroactive,0
appurtenance,autobiography,0
apricots,stagflation,0
apron,burroughs,0
aproned,fovea,0
apropos,conjectured,0
aptly,babes,0
aquaculture,gravels,0
aquanauts,feedwater,0
aquaplaning,hesitate,0
aquatints,baptize,0
aquavit,propos,0
aqueducts,humidified,0
arabian,harmonically,0
arb,snootful,0
arbiter,poppa,0
arbiters,schizo,0
arbitral,disheartens,0
arbitrary,throwout,0
arbitrations,patina,0
arbor,choreographers,0
arboreal,syd,0
arboricultural,forecaster,0
arborist,target,0
arbours,interpretation,0
arbutus,synergism,0
arcade,consortium,0
arcadia,dogcatcher,0
arcana,phonons,0
archaeologists,jets,0
archbishopric,hypnotherapist,0
archduke,whys,0
archenemies,impaction,0
archeologically,cytopathology,0
archer,versifier,0
archery,trid,0
archers,anglophile,0
archetypal,clawless,0
archetypally,carroll,0
archetypical,amiss,0
archfoe,diffracting,0
arching,smokescreen,0
architectonic,appellees,0
architectures,farming,0
archives,pixilated,0
archivists,impersonator,0
archways,unnegotiable,0
arduous,dissuade,0
areawide,somersaulting,0
ared,backward,0
arent,novelisation,0
areola,nonstarter,0
areolas,taunted,0
argan,suburbanite,0
argent,imprisoned,0
argentiferous,countershaft,0
argentina,nits,0
argentine,sword,0
argentinian,stakeout,0
argyles,vining,0
arginase,fs,0
argon,terms,0
argonauts,pliant,0
arguable,pigmentations,0
argued,forum,0
argues,brads,0
arguing,outweighing,0
aria,spackle,0
aridity,scarabs,0
arioso,lovage,0
arise,bronchiolitis,0
arising,colligate,0
aristocracy,eliding,0
aristocracies,firebase,0
aristocrat,components,0
aristocratic,cyclamates,0
aristocratically,unattached,0
arithmetic,mower,0
arizona,hardener,0
arkosic,absolutists,0
arm,improvements,0
armament,histologies,0
armatures,desperado,0
armband,sycamore,0
armchair,entrepreneurship,0
armer,chlorosis,0
armhole,knickknacks,0
armies,datedness,0
armillary,chara,0
armyworms,stodgier,0
armlets,diabolo,0
armlock,curing,0
armonica,revenues,0
armorer,paroxysms,0
armpits,mutinied,0
arms,outbidding,0
arousal,interpolating,0
arouse,pawn,0
arousing,crying,0
arow,unstuffed,0
arpeggio,limousines,0
arrayed,mailboxes,0
arranger,ejaculated,0
arrangers,handcuffed,0
arrant,lusty,0
arrestable,teamwork,0
arrhythmias,surliness,0
arrival,plutocracy,0
arrive,plagiarise,0
arriviste,conscripted,0
arrogantly,hoistway,0
arrogating,mad,0
arrogation,postings,0
arroz,stained,0
arsons,breakwaters,0
artemisia,emulsions,0
arterials,extravascular,0
arteriolar,entrenchment,0
arteriosclerosis,gifted,0
arteriosclerotic,dropshot,0
arteriovenous,tweedy,0
artesian,spooning,0
artha,striper,0
arthralgia,golfs,0
articulable,freezing,0
articulately,colorist,0
articulating,sunshiny,0
articulation,tuba,0
articulations,consumate,0
articulator,quar,0
artifacts,vixens,0
artifices,meiotic,0
artificiality,digger,0
artificially,modularization,0
artillerymen,consultation,0
artisan,autocatalytic,0
artist,spousal,0
artistic,overreactive,0
artistry,surer,0
arts,sturdy,0
artwork,nightshade,0
artworks,duelist,0
arundo,caravansary,0
asana,chins,0
asap,accurately,0
ascendant,attractiveness,0
ascendants,goaty,0
ascendence,tomatillo,0
ascendency,intercranial,0
ascender,uncalculated,0
ascends,smoothies,0
ascertainment,policyholder,0
ascot,flapless,0
aseismic,stevedore,0
ashamedly,lepidolite,0
ashing,creaseless,0
ashore,candlemaker,0
ashrams,eggs,0
ashtray,molluscum,0
asymmetry,piston,0
asymmetrically,violent,0
asymptomatically,rubbing,0
asymptotically,peeling,0
ask,signaled,0
aslant,yields,0
asp,armpit,0
aspartame,promenade,0
aspartate,fiddler,0
aspects,damping,0
aspen,deprivations,0
aspersions,yellowhead,0
asphalted,oculi,0
asphaltene,signpost,0
asphyxiation,offensive,0
aspidistra,seine,0
aspirate,illegalization,0
aspirated,drays,0
aspirations,octets,0
aspired,pomme,0
aspirers,heartening,0
aspiring,voles,0
assay,tourette,0
assayed,lorry,0
assails,loe,0
assassinated,pergola,0
assassinations,cabbing,0
assaulter,florence,0
assemble,eased,0
assembler,dette,0
assemblers,giant,0
assembles,sequestering,0
assembly,paeans,0
assemblywoman,romping,0
assenting,metred,0
assertive,bindis,0
assertively,impels,0
assertiveness,stinger,0
asserts,cornice,0
asses,morgue,0
assessable,salesgirl,0
assessment,ionic,0
assets,depreciation,0
asshole,apostolate,0
assiduously,bibliography,0
assignable,combustibles,0
assignees,misconstruction,0
assignor,heady,0
assimilable,cockfight,0
assimilated,stirrups,0
assimilating,apostasy,0
assimilationist,uncertainty,0
assistance,thrombocytopenic,0
assistantship,ricing,0
assisted,disincorporate,0
assister,misapprehended,0
assistive,possie,0
assizes,liquors,0
assman,leung,0
assn,cuddlesome,0
association,nepali,0
associational,illuminated,0
associativity,fiver,0
assorted,plunge,0
assumed,poppets,0
assumingly,inspiration,0
assumptions,dianthus,0
assumptive,loopholes,0
assurance,abysmal,0
assure,assumingly,0
assured,temblors,0
assuredly,untrustworthy,0
assuredness,unflaggingly,0
assures,profitably,0
assuring,hammock,0
ast,ribbon,0
asta,exporting,0
astatine,extirpated,0
aster,cling,0
asterism,revered,0
asteroids,denial,0
asthenia,surfboarding,0
asthmatic,glenohumeral,0
astonishment,brocade,0
astounded,proclamations,0
astragalus,vouch,0
astrobiological,ata,0
astrolabe,subtotals,0
astrologist,remorselessly,0
astrometric,surya,0
astronomical,crumb,0
astute,safes,0
astuteness,bagging,0
aswirl,symphonic,0
ates,murdered,0
atheism,subadult,0
athleticism,colonists,0
athletism,cajolery,0
atypically,paralegal,0
atlas,evangelised,0
atlatl,pantries,0
atm,whippersnapper,0
atmo,incompatibilities,0
atmosphere,monologist,0
atmospheric,leveled,0
atoll,unpardonably,0
atomicity,weeks,0
atomising,meow,0
atomization,spars,0
atomizes,nashville,0
atonality,blebs,0
atonement,gouty,0
atones,wallies,0
atresia,capybaras,0
atria,parasite,0
atrial,ghetto,0
atrophies,evaluate,0
atta,homerooms,0
attachable,warranties,0
attachment,minhag,0
attain,peering,0
attainable,tapering,0
attained,corruptly,0
attaining,screwdrivers,0
attains,crimes,0
attempted,acceptances,0
attempters,opals,0
attempting,imprecatory,0
attempts,damp,0
attendant,fir,0
attended,abel,0
attender,latke,0
attenders,deficits,0
attends,enfants,0
attenuate,deteriorating,0
attest,flea,0
attestations,headhunters,0
attests,misreports,0
atty,initialing,0
attired,ludicrousness,0
attn,premisses,0
attractant,menstruation,0
attractants,compulsively,0
attracted,hogtying,0
attracting,homestead,0
attraction,ultraconservatives,0
attractive,restocking,0
attractively,handing,0
attributable,heaters,0
attributed,lemonades,0
attributional,jeer,0
attributive,lewisite,0
atwitter,salvinia,0
atwo,pontine,0
auction,dutifully,0
aucuba,uncontaminated,0
audible,suffered,0
audiences,wetly,0
audiogram,ossuaries,0
audiology,effectuation,0
audiologist,titer,0
audiometry,handicaps,0
audiotapes,cretin,0
audiovisuals,sanford,0
audit,coupons,0
audited,rearresting,0
auditors,almondy,0
auf,carded,0
aught,alienation,0
augment,byelaw,0
augmentations,lossless,0
augmentative,prostrations,0
augmenter,vindicate,0
auguring,febrile,0
auklet,implausibly,0
aunt,execution,0
aureole,shutdown,0
aurorae,dramatic,0
auspices,etymologist,0
austere,racegoer,0
austerely,knotty,0
austral,boomer,0
australians,overhearing,0
autarchy,loaf,0
auteurism,dribbled,0
auth,fundable,0
authentic,multirole,0
authenticates,unclassified,0
authenticator,minidisk,0
authoring,radiosensitivity,0
authoritarianism,ambassador,0
authoritative,supernovae,0
authoritativeness,ruthlessly,0
authorization,monotypes,0
authorizes,steroidogenesis,0
autism,progressives,0
autobiographical,rearguing,0
autobus,irritable,0
autocephalous,entomology,0
autochanger,trending,0
autochthonous,refinishing,0
autoclave,coverer,0
autoclaved,subarea,0
autocratic,unstained,0
autocross,bruce,0
autodialer,sulking,0
autodidacts,stranglers,0
autogyro,caudillos,0
autographs,atone,0
autoimmune,supercity,0
automat,pain,0
automated,crooning,0
automates,sufferable,0
automatism,nausea,0
automative,clumpy,0
automaton,smokestacks,0
automatons,rhizomes,0
automats,layer,0
automotive,superhumanly,0
autopilot,jeux,0
autopsied,abundances,0
autor,actu,0
autoregulation,vocalise,0
auxiliary,jawab,0
auxin,accelerometers,0
availably,trapezius,0
avalanche,despoiler,0
avalanching,jagging,0
avantage,trips,0
avarice,prick,0
avascular,disconsolately,0
avast,boresight,0
aventure,unlace,0
avenue,streamling,0
averring,pyre,0
aversive,rudest,0
avians,oleum,0
aviary,deicer,0
aviations,ghettoized,0
avid,boarded,0
avion,blackcurrant,0
avionic,presentiment,0
avocation,abrasions,0
avocational,immensely,0
avoidable,hoaxed,0
avoidably,groggy,0
avoidant,attempt,0
avoir,perfumery,0
avoirdupois,antivirus,0
avowals,bellboy,0
avowedly,scrambles,0
avulsion,convoys,0
avulsions,extrasolar,0
aways,singers,0
awakens,dishtowels,0
award,crueller,0
awardable,reportages,0
awash,gluten,0
aweek,delist,0
awfully,pillars,0
awing,holocaust,0
awk,carders,0
awns,transform,0
awol,bangles,0
axing,pail,0
axion,clinicopathological,0
axman,overpopulation,0
axonal,nonradioactive,0
azalea,headquartering,0
azaleas,doge,0
azathioprine,aroused,0
azimuthal,rightists,0
azole,savior,0
azoles,umu,0
azoospermia,slingers,0
azure,contraband,0
azurite,boomed,0
ba,network,0
baal,acedia,0
baar,ethereally,0
baas,babushkas,0
baba,pergolas,0
babas,preheats,0
babblings,evacuations,0
babirusa,unachievable,0
babul,brigands,0
bacalao,tipis,0
baccalaureate,hegemonistic,0
baccarat,hallway,0
bacchanal,partita,0
bacchanals,fortyish,0
bach,cheeseboard,0
bacilli,satraps,0
bacillus,rejoice,0
backache,repossessor,0
backbeat,swarms,0
backbeats,accomplice,0
backbend,arrestingly,0
backbiting,flyer,0
backboard,untackled,0
backbreaker,quarterly,0
backcloth,roundoff,0
backcountry,enrapt,0
backdate,artiste,0
backdated,lathes,0
backdoor,urbanism,0
backed,slick,0
backfilled,doyen,0
backfires,unbalancing,0
backflow,dolphinfish,0
backhand,reiterations,0
backhanded,winkingly,0
backhaul,obliques,0
backhauling,shorn,0
backhauls,recollect,0
backhoes,satirises,0
backing,unbirthday,0
backings,revalidated,0
backless,jokes,0
backlit,solicit,0
backlog,foamer,0
backlogs,unamused,0
backorder,transhuman,0
backpacker,berths,0
backpedal,orthotics,0
backscattered,swiftly,0
backset,regained,0
backside,unicellular,0
backspread,crib,0
backstabbed,lamenting,0
backstabber,merchandise,0
backstage,vestige,0
backstrap,outflows,0
backstroke,reasserting,0
backstrokes,african,0
backtalk,giro,0
backtracks,hawkish,0
backup,acidified,0
backward,fragrant,0
backwash,pavements,0
backwashed,visitorial,0
backwater,insensible,0
backwood,outdoorsman,0
backwoods,siloing,0
backwoodsmen,dix,0
bacony,ordinariness,0
bacons,putrescine,0
bacteremia,heighted,0
bacterially,responsibility,0
bacteriology,conscientiously,0
bacteriological,planarian,0
bacteriologists,bood,0
bad,effected,0
badass,standing,0
badasses,dielectric,0
badder,infiltrates,0
baddest,electricians,0
baddy,gratuitousness,0
badgered,transponder,0
badman,predawn,0
baffle,vaginismus,0
baffled,paralyzingly,0
baffler,townies,0
baffles,trauma,0
bagfuls,shakes,0
baggage,homogenize,0
baggy,plex,0
baggier,chitter,0
bagmen,ballistically,0
bago,apartment,0
bagong,garden,0
bagpipers,storybook,0
bagworms,skeletonized,0
bah,diorites,0
bahadur,printout,0
bahar,tas,0
bahts,grubbing,0
bayberry,peddle,0
bail,pantywaist,0
baile,carved,0
bailey,pentacles,0
bailer,ologists,0
bailers,roughed,0
bailiwick,jurisdiction,0
baymen,recirculate,0
bayonet,digitalized,0
bayong,regenerators,0
bayous,mycological,0
bairn,rhyolite,0
bays,ache,0
bait,tinkerers,0
baited,electo,0
baiting,advance,0
bakehouse,sunlike,0
baker,bryozoan,0
bakes,irrepressible,0
balaclava,trunk,0
balan,osteopaths,0
balance,responsive,0
balancers,vijay,0
balata,harder,0
balconied,nominators,0
baldest,activist,0
baldwin,playdays,0
baling,improbability,0
balkanize,disrupting,0
balky,sledgehammers,0
balkiness,adjustable,0
balks,flimsier,0
ball,lavalier,0
balladeer,ratifiers,0
balladry,flatteries,0
ballads,chintzy,0
ballasted,dressage,0
ballasts,dominantly,0
balled,monetization,0
baller,interventionists,0
balletic,plaque,0
balletically,glops,0
balletomane,catheter,0
ballets,gouaches,0
ballfield,apposite,0
ballgame,infuriating,0
ballhawk,frills,0
ballistics,ideality,0
balloon,hypergolic,0
ballooned,bob,0
balloons,redressed,0
ballplayer,contango,0
ballpoint,wheatgrass,0
ballsy,leavers,0
ballsiest,recompile,0
balmy,airsickness,0
balsamroot,cutup,0
balsams,senna,0
balut,hailed,0
bam,tombs,0
bambinos,larry,0
bamboozles,heroes,0
bamboozling,mobilizer,0
bana,silly,0
banality,implores,0
banc,booklists,0
band,legally,0
bandages,tackler,0
bandar,augury,0
bande,cousin,0
banders,newstand,0
bandh,phrenologists,0
bandy,lurkers,0
bandicoots,riblets,0
bandied,appel,0
bandit,plunger,0
bandits,cabernets,0
bandmaster,alienate,0
bando,fatalistically,0
bandoleer,metronomic,0
bandpass,insecurities,0
bands,stairway,0
bandsaw,morons,0
bandsmen,strangest,0
bandura,layettes,0
bandwagon,vein,0
bandwagons,widdle,0
bane,saught,0
banged,mutuals,0
banger,peppercorns,0
bangers,rescinds,0
banging,hotcakes,0
bangkok,overbanked,0
bangles,transseptal,0
banyans,prosper,0
banished,mucked,0
bank,saucier,0
bankbook,beg,0
bankbooks,happenstance,0
bankcard,extradites,0
bankfull,phosphoric,0
banknote,despise,0
bankroller,expresso,0
banner,hamper,0
banning,sunscreen,0
banquets,fatties,0
banshee,tornadoes,0
bantam,clerks,0
bantamweights,rouser,0
banteng,sentimentalized,0
banter,sullied,0
bantering,spoof,0
banters,tantrums,0
bantu,intriguing,0
baptisms,criminally,0
baptist,tittles,0
baptistery,hawthorn,0
bar,homeland,0
barangay,sorties,0
barbacoa,titles,0
barbarianism,coppa,0
barbarians,trills,0
barbarically,person,0
barbarity,picnicked,0
barbarous,crossbench,0
barbell,demand,0
barbells,widen,0
barbershop,consorting,0
barbershops,amendments,0
barcelona,greeters,0
bard,playland,0
barebacked,grazie,0
barehanded,unallotment,0
bareheaded,kafirs,0
barely,arrogant,0
bares,bolometer,0
barfed,carvings,0
bargainer,coup,0
barge,demises,0
barged,huskily,0
barhopping,funfest,0
baryon,huffed,0
baryonic,unaesthetic,0
barks,hedonistically,0
barleys,glucuronide,0
barmen,fromage,0
barn,neutered,0
barnacled,glorified,0
barnyard,touchstone,0
barnyards,refundability,0
barometer,cinematographer,0
barony,raffinate,0
barons,storm,0
barotrauma,seeming,0
barr,burnish,0
barra,sandboxes,0
barracudas,uninformative,0
barrage,magnetizing,0
barramundi,misty,0
barranca,reddened,0
barras,reappraisals,0
barred,sentences,0
barry,teashop,0
barricade,angularities,0
barrio,bronzers,0
barrister,tumorigenicity,0
barrooms,funerary,0
bars,redistribution,0
barstools,subchapters,0
bartended,sympathetic,0
bartends,moderating,0
baru,kvas,0
barware,chipmunks,0
basal,sordidly,0
baseballs,conjectures,0
basecoat,creativity,0
baseline,counterparts,0
baselines,fraying,0
basenji,lyricist,0
baseplate,dosimetry,0
basest,unstable,0
bashful,abstemiousness,0
bashfulness,salicylic,0
bashing,debit,0
basis,nondiscretionary,0
basketful,wieners,0
basketry,hash,0
bassing,reprehensive,0
bassoonists,particularised,0
bassoons,aileron,0
bastardised,additively,0
bastardizations,summoned,0
baste,daylilies,0
bastes,saddle,0
basti,tambala,0
bastions,bayonets,0
bat,bolder,0
batch,geriatrics,0
batched,jiggy,0
batching,strongman,0
bathed,spindly,0
bathes,cack,0
bathhouses,suffixes,0
bathrobe,cloverleafs,0
bathrooms,fluke,0
baths,osteopathy,0
bathtubs,inlays,0
batik,cheeseburger,0
batiste,creditability,0
batlike,hobnobbed,0
batmen,precedents,0
batsmen,coercing,0
batt,ng,0
batter,clubbing,0
batterie,swims,0
batteries,mein,0
battier,gesture,0
battle,criticizing,0
battlements,southern,0
battler,bighorns,0
battleship,redevelopment,0
battlewagon,polyphonic,0
batts,convertable,0
batture,topline,0
batwing,deb,0
baubles,scoot,0
bauhinia,mkt,0
baul,carols,0
baulk,coracle,0
baulking,backcountry,0
baulks,rad,0
bavarois,unacquainted,0
bavette,mudlarks,0
baw,intraoral,0
baxter,parametric,0
bb,winger,0
bbl,myopathies,0
bdelloid,necromancer,0
beachcombers,schoolmasters,0
beached,classiest,0
beachfront,arduousness,0
beachheads,grippers,0
beacon,overcapacities,0
beaded,adventured,0
beads,nonspecialists,0
beaked,perimeter,0
beaks,crescendoed,0
beam,tendered,0
beamed,sprat,0
beams,fullbacks,0
bean,overlapped,0
beanie,hcl,0
beaning,trundle,0
beanpole,sharked,0
bearable,microglia,0
beared,lukewarmly,0
bearers,gawked,0
bearishness,frustrate,0
bearlike,bunts,0
bearnaise,sheva,0
bearskins,unforecast,0
beasts,dwarves,0
beatific,dechlorination,0
beatified,swops,0
beatles,nondrinkers,0
beau,capsulated,0
beaucoup,tramway,0
beauteous,readdressed,0
beauti,plumy,0
beautician,mouldering,0
beautified,pastoralism,0
beautiful,ruinous,0
bechamel,oversensitive,0
bedazzle,greasier,0
bedazzled,rites,0
bedazzlement,metaphase,0
bedchamber,jail,0
bedcover,indignantly,0
bedded,uro,0
bedeviling,imaginativeness,0
bedevils,presurgery,0
bedford,majoritarian,0
bednights,pieties,0
bedouins,wingless,0
bedplate,clocks,0
bedpost,industrialization,0
bedrock,preventionist,0
bedroll,cosmetics,0
bedroom,brandon,0
bedsides,wholesaled,0
bedstead,replicative,0
bedtime,landfills,0
beefalo,glycoprotein,0
beefeater,helix,0
beefeaters,infernally,0
beefing,neurologically,0
beehives,skewer,0
beepers,profiled,0
beer,grandsire,0
bees,elasticized,0
beetles,torr,0
beetroot,differentiated,0
beetroots,stuffings,0
befallen,oniony,0
befalling,mailmen,0
befogged,awide,0
befooled,coagulated,0
befooling,lugworm,0
befouled,stanza,0
befriender,jackscrews,0
befuddles,regeneration,0
befuddling,peridotite,0
beg,stonier,0
began,languidly,0
beget,assemblage,0
begets,clearance,0
beggary,footbridges,0
begger,espousing,0
begins,butcheries,0
begone,upfield,0
begotten,warty,0
begrudged,vagrancy,0
begrudging,frequencies,0
begrudgingly,resistant,0
beguiling,contended,0
beguilingly,headstand,0
beguines,boys,0
begums,hurls,0
behaviourally,defoggers,0
behaviourist,suntanned,0
behemoths,reveille,0
behest,beleaguering,0
behind,layabout,0
behinder,gibbons,0
behooves,nonlinearity,0
beingness,illustratively,0
beirut,sero,0
bejabbers,perennially,0
bejesus,locals,0
belabored,narrates,0
belaboring,scarifying,0
belay,prolix,0
belayer,lurks,0
belatedness,expedites,0
belched,talisman,0
beleve,defendant,0
belgium,cupping,0
belie,goners,0
beliefs,snog,0
belies,priori,0
believability,indivisible,0
believer,proliferation,0
belike,skipped,0
bellbird,frustrated,0
bellboy,dogfish,0
bellboys,dematerialized,0
bellflower,ironworker,0
bellyache,vivacity,0
bellyaches,housewife,0
bellybutton,participators,0
bellies,instancing,0
belligerence,balun,0
belling,pressroom,0
bellman,hyperparathyroidism,0
bello,pluperfect,0
bellota,fairly,0
bellow,effulgence,0
bellowing,hulked,0
bellum,wagered,0
belongings,featherlike,0
belowdecks,submerge,0
belted,carry,0
beltings,incompressible,0
belugas,paraprotein,0
bemedalled,enduing,0
bemuse,massages,0
bemusedly,myelination,0
bemuses,thirteen,0
benchers,pint,0
benches,perjurious,0
benchwarmer,concretizing,0
bended,goober,0
benders,twinship,0
bending,baptized,0
bene,undersoil,0
beneath,commodes,0
beneficiary,phon,0
beneficiaries,liftoffs,0
benefit,oleo,0
benevolent,misunderstand,0
bengal,cypress,0
benign,inversions,0
benjamin,disintegration,0
benjamins,quincentenary,0
benson,playmates,0
bent,stockings,0
benzene,premiums,0
benzenes,strum,0
benzo,monochromes,0
benzoates,nexuses,0
bequest,rookeries,0
berate,asylum,0
berating,senselessness,0
berber,predilection,0
berberis,myoblast,0
bere,horizontality,0
bereavement,lifelong,0
bereavements,loosing,0
bereft,exploitative,0
berg,recs,0
bergamot,interiorly,0
berger,inlands,0
beri,revolutionized,0
berk,openness,0
berkeley,stainless,0
berkshire,caulked,0
berley,misrepresentative,0
berms,romanized,0
berserk,dinner,0
berthed,missal,0
berthing,collectibility,0
bes,stratums,0
beseeched,unproved,0
beseechingly,imputation,0
beset,palaver,0
besets,bee,0
besmirch,jingles,0
besmirches,theologies,0
besoin,fueler,0
bespeak,shola,0
bespeaking,astounding,0
bespectacled,sugg,0
bess,bootmaker,0
besting,awaked,0
bestowed,teal,0
bestride,irwin,0
bests,relocated,0
betaken,metas,0
betimes,demyelination,0
betokening,misidentification,0
betony,deviants,0
betray,verminous,0
betrayals,hawklike,0
betrays,scaloppine,0
betrothed,walled,0
bets,ductless,0
betsy,overlay,0
better,preposition,0
bettering,unadoptable,0
betty,troffers,0
betweens,titbits,0
beurre,tph,0
beveling,noised,0
bevvy,wantonness,0
bewail,cactus,0
bewildered,noncanonical,0
bewilders,dens,0
bewitchingly,swamping,0
bezel,chastize,0
bezoar,registries,0
bhar,zapateado,0
bhavan,watercraft,0
bhindi,luxuriated,0
bhut,reroutes,0
by,kicker,0
bianco,grapnel,0
biannual,realest,0
biannually,coronary,0
biased,stater,0
biasing,vince,0
biassed,constrictive,0
bibb,escalatory,0
bibliographer,buybacks,0
bibliography,damply,0
bibliophile,mamlatdar,0
bicameral,maximum,0
bicarbonate,stairstep,0
biceps,fantasized,0
bicycled,iceland,0
bicycler,crepe,0
bicycles,alignment,0
bicyclists,inaugurations,0
bickered,twang,0
bickers,tenuousness,0
bicuspids,ingestible,0
bidden,laborers,0
bidder,rakish,0
biddy,shots,0
bids,waltz,0
biennial,grills,0
biennially,bugling,0
biers,upmost,0
bifacial,weatherhead,0
biff,historicity,0
biffy,schemers,0
biffing,joyriders,0
bifurcated,bakeshops,0
bifurcates,devisees,0
bifurcations,queenly,0
bigamous,dunned,0
bigfoot,arrival,0
bigg,simulator,0
biggy,monistic,0
bigging,therapy,0
bigha,pushcart,0
bighead,lahore,0
bighearted,capsids,0
bighorn,psychopharmacological,0
bight,unprofessional,0
bygones,avocado,0
bigotry,searches,0
bigwig,spongers,0
bigwigs,shopgirl,0
bijoux,menage,0
bikes,prorogued,0
bikie,clamor,0
bikinied,victor,0
bilayer,beatless,0
bylaws,pneumoconiosis,0
bilbies,thave,0
bilges,speakership,0
bilharzia,cataclysmically,0
byline,pacifically,0
bilingual,creditors,0
bilingualism,stargaze,0
bilirubin,biasness,0
bilked,suttin,0
biller,turnabouts,0
billet,aristocracy,0
billets,advertizing,0
billie,instrumented,0
billing,routinized,0
billings,acceded,0
billons,brickbatting,0
billow,rockers,0
billowed,brutes,0
billowing,catcher,0
biltong,heliport,0
bim,alkanes,0
bima,terrazzo,0
bimbo,flowing,0
bimetal,simples,0
bimini,discomfort,0
bimonthly,deprave,0
binational,selectmen,0
binaural,chasse,0
binder,veiny,0
binderies,covered,0
bindis,effusiveness,0
bingle,condoning,0
binocular,recreated,0
bins,jheel,0
binturong,flatwoods,0
bioaccumulation,acromion,0
bioavailability,archfoe,0
biochemical,teenagers,0
biochemists,disintegrations,0
biocidal,camerlengo,0
biodegradable,staplers,0
biodynamic,adjusters,0
bioethics,windsor,0
bioflavonoid,cultist,0
biogas,rewardingly,0
biogases,galvanometer,0
biogenetics,slaveowner,0
biogeography,dedicatory,0
biography,decried,0
biographic,gunstock,0
biographical,hematological,0
biohazard,ministerium,0
biological,disengagements,0
biomasses,handcar,0
biomathematics,exodus,0
biome,matriarchs,0
biomechanical,faultiness,0
biomedical,elders,0
biometeorology,loquacious,0
biomorphic,cultivates,0
biopic,inotropic,0
bioptic,filched,0
biosynthesis,plover,0
biotechnologically,overages,0
biotics,whirlpools,0
biotin,droplet,0
biotoxin,resorb,0
biotoxins,amdt,0
bypass,night,0
biped,lubrication,0
byproduct,multicast,0
biracial,proctoring,0
birchbark,rusks,0
birches,domestication,0
bird,solid,0
birdbath,terri,0
birdbaths,needlework,0
birdlike,perforator,0
birdmen,misers,0
birds,seizures,0
birdseye,muskmelons,0
birdshot,electrolyzed,0
birdsong,hiccuping,0
birefringent,discourse,0
biri,sunniness,0
birthed,saltshaker,0
birthing,lucerne,0
bis,capacitation,0
biscuits,tremblor,0
bisects,clair,0
bisexual,redirecting,0
bisexuals,toxify,0
bismarck,derogatorily,0
bystanders,cellaring,0
bisulfate,flux,0
bisulfite,multiplicities,0
bitartrate,folly,0
bitchy,cease,0
bitchiest,tailshaft,0
bitchily,busser,0
bitchiness,pinstriped,0
bitingly,outfoxes,0
bitmapped,attached,0
bitten,vested,0
bitterer,cathouse,0
bitumens,candlepin,0
bitwise,neutralizing,0
bivouac,wouldn,0
biweekly,locative,0
bizarre,ironman,0
blab,menacingly,0
blabbed,rigged,0
blabbermouths,dooring,0
blackball,airbrushed,0
blackbuck,administrate,0
blackfishing,bollworm,0
blackguard,obligatorily,0
blackhead,recalibrate,0
blackheads,coffered,0
blackie,juntos,0
blacklist,clays,0
blacklisted,cavelike,0
blackmailed,replan,0
blackmailer,thunders,0
blackmailing,superheroes,0
blackmails,joining,0
blackman,pyrophoric,0
blacksmith,schultz,0
blacksmithing,adulate,0
blackthorn,worden,0
blackwater,dinosaurs,0
bladeless,peddling,0
bladelike,lumpfish,0
blahs,medicare,0
blake,pudendal,0
blanched,popinjay,0
blankety,transthoracic,0
blanketing,antithyroid,0
blanking,incumbencies,0
blares,verbals,0
blaspheme,freddy,0
blasphemes,investigated,0
blasted,birdies,0
blastema,weaponry,0
blaster,disclaiming,0
blasters,untouchable,0
blastings,untrainable,0
blastocyst,lovelier,0
blastoff,vantage,0
blastoffs,uncovering,0
blat,encrusting,0
blatantly,ploidy,0
blathers,pilaster,0
blazed,carousels,0
blazing,accidents,0
bleacher,incused,0
bleachers,cag,0
bleaches,saluted,0
bleary,downlinking,0
blearily,covets,0
bleed,constable,0
blemished,macron,0
blend,smudging,0
blended,tuille,0
blends,composted,0
blessings,comparatives,0
blethering,radiography,0
blighter,suspicion,0
blighting,remapped,0
blimey,dumps,0
blinders,kayakers,0
blinding,harmlessly,0
blinds,gravida,0
blinkered,shortest,0
blinky,iodinated,0
blinks,democratic,0
blintzes,not,0
blipped,inured,0
blissful,cupcake,0
blister,scholar,0
blistering,wild,0
blisteringly,shallots,0
blitzes,suspicionless,0
blizzard,anathema,0
blizzards,miscounted,0
blk,naggy,0
blo,papilloma,0
bloatedness,decadal,0
blockaded,philology,0
blockbusters,immobilism,0
blockheads,impleading,0
blockhole,cradling,0
blockhouse,writhe,0
blockiness,brothel,0
blocking,prisonlike,0
blockout,unpackaged,0
blocks,poultries,0
bloke,limiters,0
blokes,naira,0
blond,cepa,0
blondest,wrenchingly,0
bloodcurdling,farmyards,0
bloodier,hyperventilate,0
bloodiness,stereotypic,0
bloodletting,obturation,0
bloodline,predicates,0
bloodlines,fag,0
bloodlust,swingy,0
bloodmobile,hurricane,0
bloodmobiles,procrastinators,0
bloodstains,quarantined,0
bloodsucking,overlayed,0
bloodworm,revelator,0
bloomed,renames,0
blooming,blandness,0
blooms,crane,0
bloop,solicitor,0
blooper,shallowly,0
blooping,perceptual,0
bloops,blemish,0
blossomed,assembly,0
blossoming,denture,0
blotch,smashingly,0
blotched,fagots,0
blotter,coworkers,0
blotto,homeward,0
blowdown,hortatory,0
blower,formalization,0
blowers,cellists,0
blowfly,sandy,0
blowgun,increments,0
blowholes,extern,0
blowoff,irreverence,0
blowup,released,0
blubbed,cattlemen,0
blubbers,lift,0
bludgeon,bristling,0
bludger,foragers,0
bluebell,sphingomyelin,0
blueberry,tumescent,0
blueberries,observationally,0
bluebirds,simon,0
blueblood,mortgager,0
bluegill,whitewash,0
bluegrass,speller,0
bluey,enraged,0
blueish,snakelike,0
blueness,showily,0
blueprints,postwar,0
bluer,cosmesis,0
bluesmen,denationalization,0
bluffed,sad,0
bluffing,bluntness,0
bluing,unaffordable,0
blunderbuss,supercritical,0
blunderbusses,arrows,0
blunderers,nobbled,0
blunted,tams,0
blurb,propose,0
blurry,devilry,0
blurs,manuf,0
blushed,glimpsing,0
blusher,schmaltz,0
blushes,fronted,0
blushing,scallions,0
blushingly,stirrup,0
board,guitarists,0
boarding,dodged,0
boardinghouse,chooser,0
boardwalks,sepals,0
boasted,conspired,0
boastful,japan,0
boasts,darwinism,0
boatie,clubbed,0
boatload,just,0
boatmen,candidated,0
boba,industrious,0
bobby,headstay,0
bobbled,celadon,0
bobbles,bluesy,0
bobbling,untelevised,0
bobotie,comprehensives,0
bobs,assuage,0
bobsleds,mother,0
bobwhite,bare,0
bocaccio,chows,0
bocce,replanning,0
boccie,midmorning,0
bocks,girlish,0
bodacious,skits,0
bodegas,acidosis,0
boder,premarital,0
bodhisattva,shit,0
body,cloudless,0
bodybuilding,slows,0
bodying,electromagnetics,0
bodiless,irradiation,0
bodily,trumpeted,0
bodysuits,impale,0
bodysurf,aggravates,0
bodywork,suspiciously,0
boer,gladiatorial,0
boers,psyllium,0
boga,packaging,0
boggled,lap,0
boggles,buffalo,0
bogyman,pethidine,0
bogus,lightyears,0
bohemian,gambas,0
bohemianism,rehiring,0
boil,prius,0
boilerhouse,spoliation,0
boils,discontinuing,0
boing,rechartered,0
boyo,incisive,0
boite,dysesthesia,0
boites,flaccidity,0
bold,tourmaline,0
boldly,froward,0
bolero,hostler,0
boles,furnisher,0
bolita,carpool,0
bolivares,stores,0
bolivianos,handgun,0
bolls,obituaries,0
bolshevism,schoolage,0
bolshy,flam,0
bolshie,reoffend,0
bolstering,overruled,0
bolsters,immediatly,0
bolt,paleface,0
boltless,superhuman,0
bolus,crematory,0
bom,dismay,0
bombarding,midmost,0
bombards,dressmakers,0
bombes,leben,0
bombproof,holyday,0
bombshell,holdouts,0
bonbon,cirrhotic,0
bonbons,lasers,0
bond,lemma,0
bondsmen,isozyme,0
boneless,legendry,0
boners,applicable,0
boneshaker,strangler,0
bonging,graphologist,0
bongos,unmotorized,0
bonjour,bacteremic,0
bonkers,uncork,0
bonking,extenuating,0
bonks,preheating,0
bonne,tyke,0
bonnes,glamourize,0
bonnet,pulmonic,0
bonnets,undiversified,0
bonny,guilelessness,0
bonuses,aristocrat,0
bonze,factional,0
bonzer,cowgirls,0
booby,paychecks,0
booboisie,domiciles,0
booed,exterminated,0
boogers,chucklesome,0
bookbinder,hexagonally,0
bookings,walkup,0
bookkeepers,earlier,0
bookless,impolitic,0
booklets,grandchildren,0
bookmaking,subordinate,0
bookmobile,awkwardly,0
bookseller,pleaders,0
booksellers,passer,0
bookshop,infinitives,0
bookstall,cleavages,0
bookstand,affluently,0
boolean,limb,0
boomed,untidiness,0
boomtowns,whippy,0
boon,muenster,0
boondocks,jolliest,0
boondoggling,strikes,0
boor,eugenicist,0
boors,detections,0
boosted,papacy,0
boosterism,majesties,0
boosts,strudels,0
bootable,disoriented,0
bootee,admirer,0
booter,riverscape,0
bootie,squalor,0
bootlace,relaxations,0
bootlaces,pays,0
bootleg,stylizing,0
bootlegger,reauthorized,0
bootlegs,spear,0
bootmaker,congregate,0
booze,caldron,0
boozer,sealless,0
boozes,mailers,0
bopped,detailing,0
bopping,virtuosa,0
borane,mold,0
borates,dolled,0
bord,regionalize,0
bordellos,escargots,0
border,cascading,0
borderland,sallied,0
borderless,internationalising,0
borderline,unrooted,0
bores,menswear,0
boresight,liberties,0
boringness,sauve,0
borne,risk,0
borosilicate,immobilized,0
boroughs,menu,0
boroughwide,overpassed,0
borrow,dared,0
borrowable,embargoed,0
borsch,unstopped,0
borstal,jaunt,0
bosomed,mccoy,0
bosoms,domesticates,0
bosque,famous,0
bossy,ute,0
bossiness,benefactress,0
bossing,dieters,0
bossism,jad,0
bot,sellable,0
botching,unimaginably,0
boti,wobbles,0
bottlenecks,tln,0
bottler,turbofan,0
bottoming,mistaking,0
bottommost,elbow,0
bottoms,castle,0
botulism,cord,0
boubou,gritstone,0
boucle,wicked,0
bouffants,spirits,0
bough,scrupulously,0
bought,bass,0
bouillabaisse,purely,0
bouillons,claimer,0
boulder,grandiloquent,0
bouldering,gushingly,0
boule,pointman,0
bounce,besotted,0
bounceback,missionary,0
bouncing,theodicy,0
boundary,manufactures,0
boundaries,diol,0
bounder,dorsally,0
boundlessly,kutta,0
bounds,someways,0
bounteous,mux,0
bountiful,problem,0
bouquet,restatements,0
bourgeoisie,horehound,0
bourguignonne,rescaled,0
bourn,pollbook,0
bourses,fixedly,0
boutiques,despotically,0
bouzoukis,spaceward,0
bowdlerised,blamable,0
bowdlerized,annum,0
bowerbird,preprocess,0
bowie,chocker,0
bowing,firebomb,0
bowings,disturb,0
bowled,bitterbrush,0
bowlers,holt,0
bowlines,tical,0
bowling,rustler,0
bowman,giants,0
bowmen,jackfish,0
bowsprit,nitpicks,0
bowstring,erring,0
boxer,munificently,0
boxfish,quelea,0
boxy,exemption,0
boxiness,stomata,0
boxtops,honky,0
boxwood,kid,0
bozo,concerti,0
bozos,vernier,0
bracelet,groundless,0
bracer,overslept,0
bracero,faders,0
braces,rappers,0
brachycephalic,womanizers,0
bracingly,ventricle,0
bracketing,incommensurate,0
bract,introspection,0
bracts,sparklers,0
brag,inverts,0
braggadocio,seq,0
braggadocios,bulletproofing,0
braggart,podlike,0
braggy,interventional,0
bragging,larrikinism,0
brags,sportswoman,0
brahma,yeshiva,0
brahman,crumbled,0
brahmanical,shows,0
brahmi,bhar,0
braid,curb,0
braided,sludged,0
braiders,hydroxyapatite,0
braiding,ependymoma,0
braids,clawlike,0
brain,summat,0
brainchildren,dilettante,0
brainy,pci,0
brainiest,exhort,0
braininess,surrender,0
braining,flume,0
brainlessly,candlestand,0
brainlessness,everlasting,0
brainpower,scrutinizer,0
brainstem,diffuseness,0
brainstorm,geraniums,0
brainwash,ecu,0
brainwashes,sassily,0
brainwashing,experiment,0
brainwork,interceded,0
braises,highfalutin,0
brakeman,jem,0
braker,concertante,0
bramble,tunefulness,0
brambles,provoke,0
branch,ablest,0
branched,orifices,0
brand,serac,0
branded,choosy,0
branding,uganda,0
brant,countersuit,0
brash,takahe,0
brashest,castrate,0
brass,soh,0
brasseries,effusion,0
brassieres,whacker,0
brats,winched,0
brattiness,suprarenal,0
braunschweiger,offsider,0
brava,noninstitutional,0
bravado,monopole,0
bravas,crunchy,0
brave,pudgy,0
braved,bedfast,0
braver,teleconference,0
bravest,riled,0
brawl,calzones,0
brawlers,loyalists,0
brawls,shrinkers,0
brawniest,glass,0
braziers,tui,0
brazil,tolerating,0
brazilwood,ferox,0
breacher,bullrush,0
breaches,yachts,0
breadbaskets,jabbered,0
breadboard,undying,0
breaded,novels,0
breadless,banshee,0
breadwinning,tch,0
breakables,sporadic,0
breakage,riffled,0
breakdown,executory,0
breaker,duplicities,0
breakers,tranquilized,0
breakfast,interconnect,0
breakfasts,coshes,0
breakoff,portugal,0
breasted,tenor,0
breasts,scrips,0
breastworks,saturn,0
breath,registrations,0
breathed,whirlwind,0
breathing,glade,0
breaths,linalool,0
breathtaking,negligee,0
breathtakingly,depraved,0
brecciated,trow,0
breech,jamie,0
breedings,smallholding,0
brees,habeas,0
bret,tugrik,0
brethren,looter,0
brett,puckishly,0
brevet,trawled,0
brevets,reaches,0
breviary,bt,0
brevis,parleyed,0
brewed,criterions,0
brewer,riblet,0
brewers,hostelry,0
brews,electrodeposition,0
briary,nuzzles,0
bribable,plucker,0
bribing,filigrees,0
bricked,classico,0
bricking,deployment,0
brickmaker,trodden,0
bridesmaids,carp,0
bridgeless,plutonium,0
bridget,mapo,0
bridgework,kola,0
bridle,builders,0
briefings,lin,0
briefness,confessing,0
brigades,reinvolved,0
brigadiers,callable,0
brigandage,coziness,0
brigandish,south,0
brightest,hypothec,0
brightly,general,0
brightwork,runout,0
brilliant,orthopedic,0
brimful,noisemaker,0
brimmed,hospitable,0
brims,hyacinths,0
brindled,masterworks,0
brines,tonally,0
bringers,ladybug,0
brining,overexerted,0
brink,toppy,0
brinkmanship,remounting,0
briolette,choreograph,0
bryophytes,overexpress,0
bryozoan,exercising,0
briquettes,laughably,0
bristles,moneybag,0
broached,phone,0
broaching,referrers,0
broadband,away,0
broadcasts,deadlier,0
broadening,necessitated,0
broader,crawler,0
broadhead,maxilla,0
broadleaf,pshaw,0
broadloom,autodidactic,0
broadside,monarchist,0
broadsided,triangles,0
broadsiding,ceaselessly,0
broadsword,alligators,0
broadway,monetises,0
brocade,existing,0
brocaded,reflationary,0
broccoli,handpicked,0
brochettes,opalescence,0
brochures,kern,0
brogues,beloved,0
broil,coneys,0
broilers,fretting,0
broils,sunhat,0
brolly,conveyer,0
bromate,balloonist,0
brome,vestibules,0
bromides,merci,0
bromo,measles,0
bronchiolitis,grunts,0
broncho,drive,0
bronchodilator,malled,0
bronchogenic,engrain,0
bronco,welter,0
brooch,sook,0
broodingly,hobbyist,0
broods,lopsidedly,0
brooke,sine,0
brookie,jornada,0
brooking,silkscreen,0
brooklyn,unfading,0
broomball,stompers,0
broomcorn,beanie,0
brother,avatars,0
brotherliness,lipophilic,0
brothers,eliminating,0
broths,padang,0
browny,conkers,0
brows,decertifying,0
browse,knowledge,0
browsed,godson,0
bruise,euro,0
bruising,carbinol,0
bruited,cohabitations,0
brumby,analytic,0
brumbies,bioscientist,0
brunched,metallic,0
brushed,recounting,0
brushless,unlawful,0
brushoff,codefendants,0
brushwood,coyly,0
brusqueness,pachyderms,0
brutal,whelk,0
brutalism,nautch,0
brutalize,potentate,0
brutalizes,guar,0
brutalizing,flameouts,0
brutish,gorgons,0
btl,ringed,0
bub,carelessly,0
buba,kyats,0
bubba,flatbottom,0
bubbles,saxifrage,0
bubblies,embezzles,0
bubbling,bowings,0
buccaneers,reattribute,0
buckaroos,tided,0
buckboard,mumbles,0
buckeye,eighteenth,0
buckers,patten,0
buckets,strate,0
bucko,foreshadow,0
bucks,leicester,0
buckskins,change,0
bucktails,horticulturalist,0
buckthorn,monocles,0
bucktoothed,hd,0
buckwheat,convincer,0
buddleia,canter,0
budgerigars,optoelectronic,0
budgeted,lionize,0
budgeter,neuritic,0
budwood,assuaging,0
bueno,pions,0
buffa,prevent,0
buffed,bluer,0
buffeted,countrywoman,0
bugaboos,regimes,0
bugged,accessor,0
buggy,crepitus,0
buggiest,instantly,0
bugled,empiricists,0
buglers,stonefly,0
buhl,blooms,0
buyback,princesses,0
buyers,dobby,0
buying,luxurious,0
build,probability,0
builders,craftswoman,0
building,bunion,0
buildups,neath,0
built,proportioning,0
buyouts,factures,0
bul,substructure,0
bulbs,sepal,0
bulbuls,plantocracy,0
bulgar,ectoderm,0
bulges,promises,0
bulgy,moonlighted,0
bulimia,disher,0
bulimic,recorders,0
bulkier,sink,0
bulkiness,abating,0
bulking,disliking,0
bulldogged,publice,0
bullet,thung,0
bulleted,naughts,0
bulletproofing,outfit,0
bullfinch,illumines,0
bullfrog,scragged,0
bullheaded,pathogenic,0
bullheads,acrylates,0
bullyboys,bittering,0
bullies,submariner,0
bullying,unfeasibly,0
bullnecked,noisemakers,0
bullpens,burlesque,0
bullshitting,caracal,0
bulrush,wunna,0
bulwarks,digitized,0
bumble,discombobulating,0
bummers,lbs,0
bump,kilned,0
bumpers,mappy,0
bumpier,chino,0
bumpiest,parterre,0
bumpkins,undrained,0
bums,carnage,0
bunches,lineal,0
buncombe,liven,0
bung,rehash,0
bunged,chessmen,0
bungee,linesman,0
bunglers,pegasus,0
bunyip,forlornly,0
bunked,trolled,0
bunkered,overpopulated,0
bunkie,grandiosely,0
bunking,vindaloo,0
bunkmate,fumigation,0
bunkmates,crags,0
bunko,haricot,0
bunkum,retransmits,0
buns,sawn,0
bunt,madly,0
bunter,nip,0
buoy,stopover,0
buoyed,electrowinning,0
buoys,pursue,0
bur,slaloms,0
burble,disagrees,0
burdens,blights,0
burdon,devel,0
bure,feh,0
bureaucrat,slugger,0
bureaux,backplanes,0
burgee,holidaymaker,0
burgeoned,attentively,0
burger,glycogen,0
burgers,grisliness,0
burghs,disallows,0
burglary,terrible,0
burglaries,eruptions,0
burglarized,empowerment,0
burgs,pipits,0
burgundy,glare,0
burka,misdeclaration,0
burke,femininely,0
burley,mousses,0
burlesque,misusers,0
burls,skeeters,0
burned,damns,0
burners,facility,0
burningly,huns,0
burnishing,yolky,0
burnup,depreciations,0
burry,energetics,0
burrito,grot,0
burritos,goalless,0
burroughs,sonorities,0
burrowed,intellectual,0
bursae,boss,0
bursar,overanxious,0
bursaries,tumbler,0
bursars,headier,0
burt,kidnapping,0
busboy,coe,0
bused,leftwing,0
bush,lasts,0
bushbaby,convocations,0
bushcraft,hotdogs,0
bushfire,absolutions,0
bushy,scruff,0
bushwhacked,racketeer,0
busier,stemware,0
busiest,inalterably,0
busine,uncontestable,0
busked,concertgoer,0
busman,dihydrochloride,0
buss,truism,0
bust,tippled,0
bustard,indaba,0
bustee,randomization,0
busty,page,0
bustle,carbide,0
bustles,fulmar,0
busulfan,humilation,0
busway,cedi,0
butcher,transforming,0
butcheries,sipper,0
butyl,touchier,0
butted,hypotension,0
butter,filaments,0
butterbur,driveways,0
butterfat,quicked,0
butterhead,ocracy,0
buttery,expatriating,0
buttering,croplands,0
buttermilk,burry,0
butty,propagandizing,0
butties,repossession,0
butting,excusal,0
buttocks,itching,0
button,festering,0
buttoned,traveled,0
buttonholing,pikestaff,0
buttons,nepal,0
buttress,enforces,0
buttressed,inertial,0
buxom,stridor,0
buzzed,cashier,0
buzzer,horsetails,0
buzzers,transfigures,0
buzzes,gastritis,0
buzziest,breakouts,0
c,variants,0
cabal,shatters,0
cabaletta,louder,0
cabaret,estuarial,0
cabdriver,amenities,0
cabers,wobbled,0
cabezon,chagrinned,0
cabinetry,rehydration,0
cabins,pronounced,0
cabled,dextral,0
cablegram,reintroduction,0
cableway,molested,0
cabling,unbrushed,0
cabochon,vivek,0
cabooses,weeded,0
cabriolet,summery,0
caca,zanies,0
caches,hydrated,0
cachet,hanging,0
cachexia,tailspin,0
caching,gen,0
cacophonic,haptics,0
cacti,virus,0
cactus,sunbursts,0
cactuses,mostaccioli,0
cadaverous,resubmission,0
caddish,doh,0
cade,aggressed,0
cadenced,reeducate,0
cadged,bloats,0
cadjan,revitalize,0
caecilian,stimulations,0
caesar,adirondack,0
caesarian,injustice,0
caesura,furies,0
cafetorium,multifactor,0
caff,lettuce,0
caftan,papilla,0
cay,magnificent,0
caid,unconfirmed,0
caimans,monocle,0
cajoler,pinkos,0
cajolery,engraved,0
cajoles,arjun,0
cajon,pitches,0
caked,amuses,0
cakemaker,trichotillomania,0
cakewalk,entrapping,0
cakier,villas,0
cal,skintight,0
calabrese,recommendable,0
calamity,bounces,0
calcifies,deformability,0
calcite,perishables,0
calculate,helots,0
calculations,instills,0
caldron,vying,0
calendared,boxboard,0
calendering,calabrese,0
calendrical,exemplify,0
calgary,btl,0
calibrates,timeshare,0
calibrators,glace,0
calicos,thirst,0
californian,plopping,0
californium,exclamatory,0
caliper,dippy,0
calipers,luminosities,0
calypsos,apparel,0
callas,basset,0
caller,spotlessness,0
calligraphers,evoked,0
calling,fa,0
callings,teardowns,0
callout,shoeshine,0
callow,psycholinguistics,0
calluses,productive,0
calmative,queens,0
calmy,tanked,0
calorically,scams,0
calories,underskirt,0
calorific,multimedia,0
calorimetry,uncoordinated,0
calorimetric,flatbeds,0
calumny,umpiring,0
calve,belied,0
calved,goss,0
calver,inexorably,0
calves,harpers,0
cam,unpretentiously,0
camber,recollecting,0
camden,implementor,0
camelina,prejudging,0
cameo,vulgare,0
cameral,treasurers,0
camerlengo,momma,0
camino,churchgoers,0
camis,boohooing,0
cammed,lustrous,0
camouflaging,decimalisation,0
camp,repairable,0
campaigning,bantered,0
campanile,narthex,0
camped,stators,0
campesino,oxidising,0
campground,benchmarking,0
campgrounds,drowse,0
camphor,gregory,0
campiest,clutches,0
camping,verifier,0
campion,remunerating,0
campout,woolgathering,0
campus,foreclosures,0
canada,wrenches,0
canali,patricia,0
canalising,exhorter,0
canalization,pledges,0
canalside,cowbird,0
canapes,unreasonably,0
canards,scruffs,0
canary,formalized,0
cancan,homemaker,0
cancel,uprooted,0
canceled,chocolatier,0
canceling,lankier,0
cancellation,querido,0
canceller,meltwater,0
cancels,unposted,0
candidate,blandishments,0
candids,decimates,0
candled,serpentinized,0
candlefish,marka,0
candleholder,output,0
candlemaker,portman,0
candlepower,sidehill,0
candles,wack,0
candlewick,dinky,0
candling,pompano,0
cane,skiing,0
canebrake,bisque,0
canela,economization,0
caner,crumples,0
canes,radially,0
canid,silence,0
canister,calcite,0
cankerworm,sizzlingly,0
cannabidiol,godless,0
cannel,neisseria,0
canner,gs,0
canneries,sandstones,0
canners,vaccine,0
cannibal,groupies,0
cannibalization,mangle,0
cannibalizes,jumbled,0
cannier,similarily,0
cannisters,bates,0
cannonball,obituary,0
cannonballing,fodders,0
cannonballs,accountably,0
cannoning,patter,0
cannula,enlarger,0
cannulated,bashful,0
canoes,regulars,0
canoing,unadmitted,0
canon,bassets,0
canonized,favela,0
canons,squashed,0
canopy,outlook,0
canopied,pithily,0
cans,capsicum,0
cantabile,ranching,0
cantankerous,brazilian,0
canter,achievability,0
canterbury,diacetylmorphine,0
canters,exocrine,0
canticles,placards,0
cantinas,daybreak,0
canting,wavebands,0
cantonal,impugned,0
cantors,beamingly,0
canuck,contracture,0
canvasing,haematological,0
canvassed,anal,0
canvassing,connecters,0
capa,dustproof,0
capabilities,faceplate,0
capacious,drinker,0
capacitance,twerps,0
capacitation,frankly,0
capacitative,rehouse,0
capacity,recaptures,0
capelin,repaired,0
capella,wheezers,0
capercaillie,predisposition,0
capered,piddled,0
capers,ela,0
capes,parallelogram,0
capybara,juncture,0
capita,detoxified,0
capitalizations,hooligan,0
capitalize,tradecraft,0
capitalizing,cosmos,0
capitally,vestments,0
capitulated,mujeres,0
capitulations,petulantly,0
capons,dopamine,0
capper,breathtaking,0
cappers,retreated,0
capreomycin,ohmic,0
capriciously,moldered,0
capris,vg,0
capsids,coterie,0
capsize,individualisation,0
capsule,upswept,0
capsulize,meccas,0
captioned,preinstallation,0
captious,generational,0
captivate,dicier,0
captivated,propagandized,0
captives,fell,0
capturer,methotrexate,0
caput,gal,0
car,circulator,0
carabaos,debatable,0
carabinieri,flutelike,0
caracara,frilly,0
caracoles,purchase,0
carambola,legislating,0
caramelised,piecing,0
caramelization,municipalization,0
caramelized,gunnysack,0
carapaces,autobahn,0
caravaned,transliteration,0
caravanned,curtsey,0
carbamate,pishing,0
carbamide,brawls,0
carbaryl,interrelatedness,0
carbide,buccaneering,0
carbides,cuke,0
carbine,arsine,0
carbohydrate,elapsing,0
carbonate,slathered,0
carbonation,nirvana,0
carbonator,swindle,0
carbonite,slapdash,0
carbonization,jetting,0
carbonizing,blameworthiness,0
carborundum,cottager,0
carboxylic,sizzled,0
carbuncles,mole,0
carburetor,noninteractive,0
carburetors,lone,0
carcase,biotope,0
carcases,swooper,0
carcass,demanded,0
carcharias,handicappers,0
carcinogen,understructure,0
carcinogenic,leafiest,0
carcinogens,wheal,0
card,electable,0
carders,hooped,0
cardigan,paar,0
carding,militaristic,0
cardiograph,twitchier,0
cardiomegaly,murder,0
cardiorespiratory,oversubscribing,0
cardmaking,shinkin,0
cardon,tallied,0
care,yodeling,0
careering,stuffed,0
careerist,chapattis,0
carefree,drainpipes,0
carefull,dyestuffs,0
carefulness,undiscoverable,0
carer,capsaicin,0
carers,sprawl,0
caret,wisecrackers,0
caretake,gnawing,0
caretta,angrier,0
carex,klipspringer,0
cargos,freddo,0
carhops,impersonality,0
caribbean,riverbed,0
caricatural,tightwads,0
caricatures,franchisee,0
caricaturing,allegoric,0
carillonneur,limn,0
carillons,sympathic,0
carious,constellations,0
caritas,overtopped,0
cark,mab,0
carless,nonpareil,0
carmakers,grees,0
carman,replenishment,0
carminative,plantings,0
carnages,committedly,0
carnal,lovably,0
carnallite,transfuse,0
carnations,pimentos,0
carney,antimacassars,0
carnet,encapsulates,0
carnivore,steals,0
carnivores,directionally,0
carnosine,planeload,0
carob,fastnesses,0
carol,spokesmen,0
caroling,whippings,0
carollers,dacoity,0
caromed,submersions,0
carotenes,miniskirts,0
carotenoid,cribbing,0
carotid,beamy,0
carpal,regretted,0
carpel,midway,0
carpenters,zinnia,0
carpers,physiologies,0
carpetbagger,machina,0
carpetbaggers,propagation,0
carpetbagging,ascetically,0
carpool,cypher,0
carport,viscosity,0
carr,tallow,0
carrick,applicator,0
carrying,gasifiers,0
carryings,weekdays,0
carryon,decals,0
carroll,remanufacture,0
carrom,underhanded,0
cartelized,refluxing,0
carters,geodes,0
cartesian,swivel,0
cartful,unalterably,0
cartilage,conviction,0
cartoner,electrophotographic,0
cartoon,descriptive,0
cartooned,topicality,0
carts,mateship,0
cartwheel,lulls,0
carved,tabacco,0
cascading,conferring,0
cascara,bicycled,0
casebearer,earthily,0
casebook,silos,0
cased,spillways,0
casey,ritziest,0
casements,reincarnated,0
casework,flab,0
caseworkers,calligraphic,0
cashbook,canonization,0
cashbox,guttersnipes,0
casher,rearrangement,0
cashier,questionable,0
cashiering,madonna,0
cashmere,squatty,0
casings,home,0
cassava,downton,0
cassavas,swaggers,0
casseroles,reinvestment,0
cassia,supersession,0
cassis,likely,0
caste,embryonal,0
casteism,briskets,0
casters,paddler,0
castigations,abbreviated,0
castillo,decortication,0
castings,alarums,0
castor,communists,0
castrated,children,0
castrating,usufructuary,0
castrations,term,0
castro,parasites,0
casuality,infection,0
casually,barley,0
casuals,seating,0
catagories,nonrational,0
catalase,banteng,0
catalepsy,concretion,0
cataloger,caboose,0
catalogs,hydrogeologist,0
catalpa,noshers,0
catamaran,please,0
catamount,iraqis,0
catamounts,twine,0
catapulted,lookups,0
catapulting,mesmerize,0
catapults,munificence,0
cataract,upwith,0
catarrh,lovemaking,0
catarrhal,clarities,0
catastrophic,prepositional,0
catastrophist,plague,0
catbirds,sentience,0
catboat,histopathology,0
catboats,odometer,0
catcalled,ria,0
catches,throwaway,0
catchier,inward,0
catchiest,spirometer,0
catchline,notepaper,0
catchment,nonseasonal,0
catechetical,femcee,0
catechin,correlations,0
catechins,lithological,0
catechol,martyrdom,0
catecholamine,chimeric,0
catechu,bell,0
categorizes,dotty,0
catered,barge,0
caterpillars,uncoerced,0
caterwaul,slaughterer,0
catfight,bygones,0
catfish,misplay,0
cathedral,sarees,0
catherine,dendrobium,0
catheterize,harassing,0
catheterized,pygmy,0
cathy,holmium,0
cathine,savor,0
catholicism,interconversion,0
cationic,cottoned,0
catmint,subpoena,0
catnapping,evocation,0
catnaps,floaty,0
catsup,gawkers,0
catteries,outleaping,0
cattiest,cell,0
catting,cradled,0
caucasian,doctorates,0
caucus,nondestructively,0
caudal,scaly,0
caudillo,entrenchments,0
cauliflower,unburdens,0
caulked,lauan,0
caulker,centralism,0
caulking,triadic,0
caulks,roadblock,0
caus,tailgates,0
causations,rouses,0
causers,session,0
causes,unfranked,0
causeways,barbarianism,0
caustically,ascents,0
cauterization,receptors,0
cautioned,cystoscope,0
cautioning,thwarting,0
cautiously,anachronism,0
cautiousness,forthrightness,0
cav,collecting,0
caval,boatyards,0
cavalcade,previews,0
cavalierly,nonagenarian,0
caveated,broadleaf,0
caveats,comment,0
caved,thrived,0
cavefish,performant,0
cavelike,wanker,0
cavemen,detraction,0
cavers,blisteringly,0
caves,tattering,0
cavils,kays,0
cavitations,announcers,0
cavities,soonest,0
cavort,refocus,0
cavorting,dehydrated,0
caw,unprepared,0
cb,korma,0
ccm,fulls,0
cd,inches,0
ceanothus,sass,0
ceaselessly,precook,0
ceases,circus,0
ceasing,overhung,0
cedars,volleyball,0
cede,egoistical,0
ceded,lavas,0
ceding,coalitions,0
cedis,graveyard,0
ceiba,terminus,0
ceilidh,cingular,0
ceilings,pornographically,0
celebrants,oompah,0
celebrated,occurrences,0
celebrators,shiatsu,0
celerity,fancying,0
celiac,meretricious,0
celibacy,triumvirate,0
cellared,enriched,0
cellars,inapplicable,0
cellblock,kidvid,0
celled,confirmable,0
cellist,mechanically,0
cellists,restructuring,0
cellmate,aquifers,0
cells,enlightening,0
celtic,organdy,0
celts,commonsense,0
cementer,disfavoured,0
cementless,recompress,0
cemetery,matricidal,0
cemeteries,plazas,0
cenotaph,rends,0
cenotaphs,fungi,0
cenote,subdue,0
censer,bigging,0
censor,germination,0
censured,vulcanologist,0
censuring,attendance,0
centenary,outscores,0
centenarians,nets,0
centered,hierarch,0
centers,falutin,0
centi,wharfs,0
centime,cherts,0
centimos,ruffian,0
centipedes,medicament,0
central,yale,0
centralist,transversal,0
centralists,safe,0
centralizers,cheeses,0
centration,brainstorming,0
centrifuge,unavailingly,0
centrifuges,rumpling,0
centrism,cravers,0
centroid,tauted,0
centromeric,endemics,0
centrosome,aphorist,0
centurions,strategies,0
ceps,numero,0
ceramic,girdling,0
ceramics,varying,0
ceratin,caisson,0
cere,stolons,0
cerebration,lorries,0
ceremony,zoological,0
ceremonially,brochettes,0
ceremonies,squinty,0
ceremonious,greengrocer,0
ceria,grapples,0
cern,shackling,0
cerned,cannibalizes,0
cert,acclimatization,0
certainty,foreknowledge,0
certifiably,omen,0
certificate,malnourishment,0
certificating,defiled,0
certification,baymen,0
certified,livelier,0
certifiers,irking,0
certiorari,disassembling,0
certitude,wages,0
certitudes,corroding,0
ceruloplasmin,seashores,0
cervical,cineaste,0
cervicovaginal,goblets,0
cervixes,martha,0
cesarian,depredations,0
cess,curatorship,0
cesspools,recurring,0
cfd,nonrepresentative,0
chablis,hie,0
chad,suprapubic,0
chador,coagulation,0
chadors,derivates,0
chafe,ballooning,0
chafer,knot,0
chafers,cowardliness,0
chaffed,towboat,0
chaffinch,trapezing,0
chagrined,elitist,0
chainless,glycols,0
chairing,ghastliest,0
chairlift,secured,0
chairmans,amove,0
chairmanships,quixotically,0
chaises,crookneck,0
chakra,allegiance,0
chalcocite,resurrects,0
chalk,relentlessly,0
chalked,goatees,0
chalking,tuberculosis,0
challenges,viticulture,0
challengingly,bitchily,0
chalta,undomesticated,0
chamar,inducements,0
chamber,gona,0
chambers,refection,0
chambray,millefeuille,0
chameleonic,propertied,0
chametz,jampacked,0
chamfer,dongs,0
chamois,camaron,0
chamomile,laburnum,0
champa,behaved,0
champers,irritates,0
champignon,oldest,0
championship,dramatists,0
chancery,crippler,0
changed,neurons,0
changeless,jaywalker,0
changeling,rebab,0
channeler,aliased,0
channeling,peppered,0
channelized,distractive,0
channels,johnboats,0
chanteuse,handgrip,0
chanteuses,pee,0
chanting,schemozzle,0
chao,catchline,0
chapatti,imbecilic,0
chapbook,comply,0
chapbooks,resort,0
chaperon,milieux,0
chaperoning,drown,0
chaplains,uncaused,0
chaplet,preening,0
chaplin,submissiveness,0
chappal,scrimmages,0
chappy,memo,0
chappies,deprecatory,0
chapter,horrify,0
chapters,strikeouts,0
chara,uptimes,0
charabanc,compares,0
characters,aerial,0
charas,ingots,0
charcoal,crammers,0
charcuterie,obeyed,0
chares,roach,0
charette,vip,0
chargeability,tootled,0
chargeable,razorback,0
chargee,chitlins,0
charity,chorten,0
charkhas,replacers,0
charley,sayer,0
charlie,corrective,0
charnel,similary,0
charoset,monopolism,0
chart,inflation,0
charted,vaseline,0
charterer,stationeries,0
charts,macaroon,0
chaseable,colonialization,0
chasers,pairs,0
chasing,racketeers,0
chasses,raptor,0
chasseur,previewed,0
chasten,sermonise,0
chastened,starts,0
chastise,arrhythmic,0
chastising,roes,0
chastity,jubilates,0
chastize,revenged,0
chatterbox,woodworks,0
chatterer,exercises,0
chatty,tete,0
chattily,drumbeating,0
chatting,unbaptized,0
chauffer,healthier,0
chauffeur,wariest,0
chauffeured,unremedied,0
chauffeurs,surmised,0
chauvinism,contaminate,0
cheaper,stays,0
cheapie,belabors,0
cheapish,dingbat,0
cheapskate,haciendas,0
cheat,terrorizing,0
cheated,complainant,0
cheaters,mordant,0
checkbooks,trivets,0
checkers,remeasurements,0
checkerspot,compacts,0
checking,side,0
checklists,mezzos,0
checkmark,extensional,0
checkout,abseils,0
checkup,spire,0
checkweigher,actresses,0
cheddars,morosely,0
cheder,subconcession,0
cheekbone,sleepyhead,0
cheeked,softest,0
cheeks,finfish,0
cheep,squatter,0
cheeper,subjecting,0
cheeps,squashy,0
cheerers,lamped,0
cheerfulness,swopping,0
cheery,gabbai,0
cheerier,chippings,0
cheerios,dissolution,0
cheerlead,ure,0
cheerless,vaporized,0
cheese,occurred,0
cheeseboard,bestiality,0
cheeseburger,unintuitive,0
cheesecakes,spiffed,0
cheesed,circumambulate,0
cheesemonger,subsection,0
cheesiest,colorimeter,0
cheetahs,roominess,0
chelas,philosopher,0
chelating,dreamland,0
chello,weaponries,0
chemiluminescence,commensurate,0
chemin,catnip,0
chemises,responses,0
chemisorption,melancholy,0
cheongsam,dreamier,0
cherish,blackguard,0
cheroot,permissions,0
cherrystone,commerciality,0
chessboard,hydroplaning,0
chestful,pitside,0
chestnuts,jayhawk,0
cheung,unwillingly,0
chews,sinker,0
chia,kindergartener,0
chian,provoker,0
chianti,maculopapular,0
chiaroscuro,descaling,0
chicanes,resonating,0
chicer,calibrator,0
chicest,brisker,0
chickee,grubbed,0
chickened,cornflower,0
chicky,rabbiting,0
chicle,carnivallike,0
chicory,charango,0
chicos,biplane,0
chided,leaching,0
chieftain,posh,0
chieftaincy,logarithmic,0
chiffchaff,manful,0
chiffon,mindedness,0
chigger,astrocyte,0
chignon,outpost,0
chignons,punier,0
chilblains,cantina,0
child,aneurism,0
childhoods,slid,0
childishness,unglazed,0
childproof,path,0
childre,bronchoconstriction,0
children,kine,0
chilliest,swears,0
chills,hamming,0
chimaeras,godowns,0
chime,laptop,0
chimeras,mentorship,0
chimere,sierra,0
chimeres,jetter,0
chimeric,reassure,0
chimney,uninvited,0
chimneys,uncertainly,0
chimp,stoved,0
chin,commutable,0
china,magmatic,0
chinar,kilobit,0
chinatown,booster,0
chinchilla,debuting,0
chinois,pipestone,0
chinos,curved,0
chipboard,informal,0
chipped,dissipation,0
chippers,prospers,0
chippings,locality,0
chips,ritz,0
chiro,linguini,0
chiropractic,unbeneficial,0
chirpiness,steering,0
chirps,kiddy,0
chirruped,bombards,0
chisled,throu,0
chiton,hornbills,0
chitra,acetate,0
chits,cycles,0
chivalry,jags,0
chivalric,discourtesy,0
chlor,unreality,0
chloramphenicol,ilk,0
chlorinating,oceanside,0
chlorination,staffers,0
chlorinator,melanistic,0
chlorophyll,cleanest,0
chloropicrin,stomaching,0
chloroprene,semite,0
chlorosis,journalized,0
chocolate,producibility,0
chocolatier,azimuths,0
choiceless,glycol,0
choke,mitochondria,0
choked,univocally,0
chokey,bays,0
chol,unwept,0
chola,smartness,0
cholecystokinin,inescapable,0
cholesterol,tabletop,0
cholla,synchs,0
cholo,enlistment,0
chondrocyte,ululated,0
chondromalacia,cheated,0
chondrules,playfulness,0
chook,towhees,0
chooser,fractionate,0
chooses,geometries,0
choosy,parly,0
choosier,exceptionally,0
chop,jungled,0
choppered,semisolid,0
choppin,rippled,0
chopstick,plummy,0
chorals,shagging,0
chord,bolting,0
chordal,hesitation,0
chordates,follows,0
chording,javelina,0
chords,debunked,0
chore,stayers,0
choreograph,deodorising,0
choreographer,whooped,0
choreography,disprovable,0
chores,sanctity,0
chorister,convergences,0
chorizo,include,0
chortle,lionised,0
chortled,mismatching,0
chortling,bankcard,0
choruses,jaybird,0
choses,biting,0
chosing,intense,0
chou,worthily,0
chowders,abeyance,0
chowed,loth,0
chows,manchild,0
chrysalis,attackable,0
chrysler,stratification,0
chrism,desirably,0
chrysotile,reconquer,0
christen,bicyclers,0
christened,spayed,0
christian,sassafras,0
christs,scofflaw,0
chroma,boozes,0
chromatic,dependancy,0
chromatically,affirmance,0
chromatics,twills,0
chromatographic,cuckoos,0
chrominance,playwear,0
chromites,catharsis,0
chromo,interviewers,0
chromophore,monument,0
chromotherapy,amphioxus,0
chronically,piazza,0
chronicle,balkanization,0
chronicled,cesspool,0
chronicler,bulldozes,0
chroniclers,conjectural,0
chronobiology,dimply,0
chronograph,grandsons,0
chronology,serological,0
chronological,gazetting,0
chronologically,intermunicipal,0
chronometers,slits,0
chubbiest,hyraxes,0
chubbiness,landings,0
chucky,carbaryl,0
chuffing,hubs,0
chukar,unfeminine,0
chukkers,cytoplasm,0
chummy,seafarers,0
chumming,disloyalty,0
chump,chol,0
chunk,circumnavigations,0
chunkiest,flappable,0
chunkiness,admissible,0
chunks,expediently,0
churches,shushed,0
churchgoing,taloned,0
churchyard,shaking,0
churchman,plasticized,0
churchwarden,tonalite,0
churidars,assaulted,0
churl,prewiring,0
churlishly,coiffures,0
churlishness,leeds,0
churn,suggestiveness,0
churned,subordinating,0
chutes,oxidized,0
chutneys,ejecting,0
cyanidin,pickings,0
cyanocobalamin,sulfate,0
cyanotic,willies,0
cyanotype,preorder,0
ciao,annoy,0
cyberculture,serenaded,0
cyborgs,racemes,0
ciborium,wigwam,0
cyc,ostracise,0
cicada,trevally,0
cicerone,unix,0
cichlids,citron,0
cyclamates,yield,0
cycled,longan,0
cycler,nesses,0
cycles,refers,0
cyclic,beagle,0
cyclical,sweepers,0
cycling,gradually,0
cyclist,creepiest,0
cyclo,haute,0
cyclohexanone,traducers,0
cyclones,heightens,0
cyclos,enjoyable,0
cycloserine,computable,0
cid,reward,0
cider,bathhouse,0
cie,crossover,0
cigaret,mackerel,0
cigarets,prodemocracy,0
cigarette,tangelo,0
cilia,punched,0
cilium,sociologic,0
cinch,orientating,0
cincher,reflowed,0
cinching,plaids,0
cincinnati,confraternities,0
cindy,accessioning,0
cine,muzzleloader,0
cinematheques,epistaxis,0
cinematographers,vulvovaginal,0
cinematography,confiture,0
cinematographic,overhear,0
cingular,contain,0
cingulate,rescued,0
cynical,fungal,0
cynicism,unfestive,0
cinnabar,outnumbering,0
cynosure,began,0
ciphered,sharpener,0
cyphers,unedited,0
cypresses,falsifies,0
cir,refinement,0
circa,garlanding,0
circadian,noninflationary,0
circs,subchannel,0
circuit,breccias,0
circuiting,snatching,0
circuitry,delusionary,0
circularize,panegyric,0
circulars,heaver,0
circum,toolroom,0
circumambulating,unmentionable,0
circumnavigates,paleomagnetic,0
circumnavigator,hatchings,0
circumscribes,coloniser,0
circumscription,ischemic,0
circumspect,ogres,0
circumstance,ope,0
circumstanced,felly,0
circumvents,arboretum,0
cirrhotic,repositioned,0
cis,bundh,0
cyst,otic,0
cysteines,foreshortened,0
cysticercosis,endocardial,0
cystitis,unitized,0
cystoscopic,replications,0
cistus,commanders,0
cit,disassociation,0
citable,displaying,0
citadel,inhibit,0
citations,tophi,0
cite,rafflesia,0
citied,gunsmith,0
citywide,choline,0
citizenries,tacticians,0
cytochrome,suffers,0
cytogenetic,tains,0
cytokinesis,feuded,0
cytopathic,featherbedding,0
cytopathology,precaution,0
cytoplasmic,gadgeteers,0
cytostatic,championed,0
cytotoxin,faked,0
citronella,stargazing,0
citruses,feeblest,0
civics,penstocks,0
civil,unreconstructed,0
civile,assumably,0
civilianize,retransmissions,0
civilise,disincorporated,0
civility,commissars,0
civilization,umber,0
civvy,countersigning,0
ck,microbiological,0
clacked,activities,0
clacker,mea,0
claimants,always,0
clayton,channelize,0
clam,wormlike,0
clammed,amply,0
clamshell,barbless,0
clandestine,systole,0
clang,stuffers,0
clanking,fortress,0
clapperboard,concentrator,0
clapping,cooperatively,0
claps,unbuttoned,0
claques,bogeymen,0
clarifying,wolflike,0
clarkia,nonprogressive,0
clarsach,conferred,0
clasp,lymphedema,0
clasping,woollens,0
clasps,schooltime,0
classier,lissome,0
classify,meritocratic,0
classified,unstoppable,0
classifying,oily,0
classmates,attained,0
clastic,royale,0
clattered,patiently,0
clatters,speedwell,0
claus,jejunal,0
claustrophobic,equanimous,0
clawback,inconclusive,0
clawhammer,resisting,0
clawless,transoms,0
claxon,terrific,0
cleanest,pressures,0
cleanliness,reformulation,0
cleanness,moisturizing,0
cleansed,goldfields,0
cleansers,centralizing,0
cleanskins,scarier,0
cleanup,plantar,0
clear,outscored,0
clearance,semiarid,0
cleat,unpartisan,0
cleated,matricula,0
cleating,unexplored,0
cleaved,frail,0
cleaving,shorting,0
clef,metastatic,0
clefs,piton,0
clefts,stockbreeding,0
clemencies,sodic,0
clenched,incensed,0
clenches,mum,0
clenching,conclusions,0
cleome,sharecropping,0
clergyman,spectroscopically,0
clergymen,lur,0
clergywoman,squareness,0
cleric,sicle,0
clerisy,mintage,0
clerking,compress,0
clerkships,pharmacogenetics,0
clever,deceptively,0
cli,incompliance,0
cliches,multilane,0
click,upstart,0
clicked,assesses,0
clickers,stammerer,0
clicks,kochia,0
clienteles,migratory,0
cliff,workably,0
cliffside,supersaturated,0
clima,appetitive,0
climactic,paged,0
climate,rapes,0
climatology,posies,0
climatological,cytotoxicity,0
climatologically,motorcades,0
climatologist,homogenizing,0
climatologists,insult,0
climaxes,hideous,0
climbs,legality,0
clinching,halftones,0
clinger,fang,0
clinician,executing,0
clipboards,communique,0
clippers,desulfurize,0
cliques,fuzzed,0
cliquishness,hither,0
clitoris,expulsions,0
clivias,overcount,0
cloaked,before,0
clobbered,entires,0
cloches,mudder,0
clock,optimized,0
clockings,dinar,0
clockwise,carpetmaker,0
clockworks,zebrawood,0
cloddish,infatuations,0
clods,spiffier,0
clog,impediment,0
clogger,compliments,0
clogging,spare,0
cloistering,flattop,0
clomped,countenancing,0
clomps,hights,0
cloning,sailors,0
clonk,untap,0
clos,gadget,0
closeable,accurateness,0
closeouts,kneecaps,0
closer,psychobiology,0
closes,putties,0
closest,frothiest,0
closing,coxed,0
clostridia,minneapolis,0
clostridial,chicly,0
closure,sharding,0
clot,dewlap,0
clothbound,stock,0
clothing,romance,0
clothings,humanoid,0
cloudburst,aloft,0
cloudbursts,subterfuge,0
clouds,injunct,0
cloudscape,seasonably,0
clout,preholiday,0
clouting,shinned,0
cloven,fleeting,0
cloverleafs,dismiss,0
clownery,residue,0
clowning,appellant,0
clownishness,maisonettes,0
cloxacillin,mutt,0
clubbed,harmonium,0
clubbers,chaperons,0
clubbish,cuisine,0
clubland,hydrothermally,0
clubman,intrusion,0
clubmate,rescission,0
clubmen,doubts,0
clubs,nonfat,0
cluck,quaaludes,0
clucky,frequently,0
clueless,retroperitoneal,0
cluing,jackeroo,0
clump,flowerets,0
clumpy,narcotized,0
clumsier,prolactin,0
clumsiness,confers,0
clunkers,removes,0
clunks,jibbing,0
cluster,choucroute,0
clustering,eduction,0
cluttered,suddenly,0
cmdr,sportier,0
cml,exhibits,0
co,cid,0
coach,madrona,0
coachable,coasts,0
coachee,yearbook,0
coachers,plainsong,0
coachs,spookiness,0
coadjutor,wineries,0
coadministration,hundi,0
coagulant,senselessly,0
coal,conquered,0
coalesced,fizzy,0
coalfish,lanai,0
coalitional,dyads,0
coarsest,egotism,0
coast,twiddlers,0
coastally,befouling,0
coasting,sigils,0
coastline,gills,0
coastlines,amorously,0
coasts,partook,0
coaters,heavyset,0
coati,abbot,0
coatroom,halva,0
coattail,ovals,0
coattails,contrasting,0
coauthored,foots,0
coauthoring,tart,0
coaxial,refined,0
cob,singles,0
cobble,crevasses,0
cobbler,teardrops,0
cobblestones,tarp,0
cobweb,busing,0
cobwebs,lyonnaise,0
coca,croton,0
cocain,jester,0
cocaine,dishearten,0
cocci,sympathize,0
coccyx,supercomputers,0
cochaired,transverses,0
cochairs,unpressured,0
cochlea,rascally,0
cochlear,chauvinistic,0
cochon,nucleated,0
cockapoo,lintel,0
cockatoos,slipups,0
cocked,ferromagnetism,0
cockfights,snatch,0
cockle,undescribed,0
cockling,bristled,0
cockpits,teleplays,0
cockroaches,alkalis,0
cocoyam,burnishers,0
cocooned,sinfonia,0
cocoons,ironies,0
cocos,trib,0
cocotte,recomposed,0
cocurricular,oversees,0
cod,drippy,0
codas,delimited,0
coddler,suborned,0
coddling,burglaries,0
codebooks,dewar,0
codec,saba,0
codecs,surrogates,0
codefendants,monoliths,0
codes,linearized,0
codetermination,foredeck,0
codeword,flamers,0
codfish,sextuplet,0
codger,roadblocks,0
codicil,transgressors,0
codicils,halide,0
codifying,sawmilling,0
codirected,regattas,0
codons,naturalizes,0
codpieces,grassier,0
cods,gaper,0
coeditor,descriptors,0
coeds,enshrouded,0
coefficient,dodginess,0
coenzyme,unbelief,0
coequal,interlacing,0
coerce,bahay,0
coercive,lactams,0
coevolutionary,malodorous,0
coexistent,toileting,0
coexisting,runner,0
cofactors,vials,0
coffeeberry,options,0
coffeepot,caduceus,0
coffees,prefilter,0
coffin,incorporations,0
cogged,undiplomatic,0
cogitate,reutilized,0
cogitation,yodelers,0
cognisable,discos,0
cognizable,rapide,0
cognomen,indefinite,0
cognoscente,reflows,0
cogwheel,misdiagnoses,0
cohabit,readably,0
cohabitations,gordon,0
cohabited,pressured,0
cohabiting,housewarmings,0
cohead,overstimulation,0
cohen,polity,0
coherency,ophiolite,0
cohesively,snowmobile,0
cohorts,repossessed,0
cohost,bookable,0
coif,prefab,0
coiffed,contrada,0
coiffeurs,tessitura,0
coiffured,kit,0
coiling,spec,0
coils,caging,0
coin,liberalizes,0
coincidence,artifices,0
coincidences,restoratives,0
coinciding,bellhop,0
coins,disambiguate,0
coir,ungulates,0
coital,gavels,0
cola,abhor,0
colanders,charro,0
colas,masochistically,0
coldest,sensitively,0
coldhearted,laryngoscope,0
coldness,rudeness,0
colds,overwritten,0
cole,storming,0
coleslaw,clinically,0
coliform,allocators,0
coliseum,antidepressants,0
coliseums,grater,0
collaborated,limbal,0
collaborationist,onsets,0
collaborations,trounce,0
collaboratively,lover,0
collagenous,pandanus,0
collages,geological,0
collapse,incisions,0
collapsing,democracy,0
collar,soothe,0
collared,searchingly,0
collate,rebuilt,0
collator,cabbies,0
colleagues,parcels,0
collectibility,coordinates,0
collecting,informant,0
collections,refrigerated,0
collectivize,cute,0
collectivized,phagocytic,0
college,divining,0
collegially,conqueror,0
collet,advisors,0
collided,overvote,0
colliding,prox,0
collie,weevil,0
collies,glyceraldehyde,0
colligate,nighter,0
collimators,poor,0
collinear,social,0
collocating,stickability,0
colloid,reaudit,0
colloquial,hymnals,0
colloquialism,excoriates,0
collusively,conservatoires,0
colluvial,reoccupation,0
colluvium,philosophized,0
cologne,blackballing,0
colombia,habilitation,0
colombo,cabriolet,0
colonialist,officialize,0
colonises,profligate,0
colonoscope,coenzyme,0
colons,balkanize,0
colorable,suss,0
colorbearer,pertinently,0
colorblind,distressful,0
colorblindness,individualized,0
colored,endosymbiosis,0
colorful,hardboiled,0
coloristic,foxglove,0
colossi,kinaesthetic,0
colostrum,authenticated,0
colouration,polynesian,0
cols,unconfessed,0
colugo,crackdowns,0
colugos,elisions,0
columbaria,assemblymen,0
columbite,decrepit,0
columnar,adrenalin,0
columned,gratuities,0
columnist,unscientific,0
columnists,welded,0
columnizing,gags,0
columns,deniability,0
com,leiomyoma,0
comandante,bedevilment,0
comas,befuddles,0
combated,quahogs,0
combating,veep,0
combats,subtlely,0
combe,microglial,0
combed,heroin,0
combinable,charism,0
combinatorial,tolerance,0
combined,dill,0
combining,apply,0
combusted,credenza,0
combustibility,consensual,0
combusting,tit,0
comebacks,shipworm,0
comedia,hydrographer,0
comedienne,principals,0
comedowns,nodding,0
comeliness,botany,0
comeuppances,blockbuster,0
comfy,brooder,0
comfier,ticketless,0
comfortable,surreptitious,0
comforted,beguine,0
comforter,smackeroos,0
coming,welly,0
comingle,argentina,0
commandants,seafoods,0
commandeered,restudied,0
commandment,dentate,0
commandments,redress,0
commando,irritative,0
commands,outpatients,0
comme,ankara,0
commemorated,unloads,0
commemorations,right,0
commence,plaits,0
commencement,estimated,0
commencements,pauline,0
commences,blockages,0
commendation,overstays,0
commended,forests,0
commends,numerable,0
commensurable,tampa,0
comment,pelmet,0
commentary,bayoneted,0
commentators,jeopardize,0
commenter,syndicalist,0
commenting,barterers,0
commerciality,precommit,0
commercializes,allograft,0
commercially,juiced,0
commie,tramps,0
commingle,analyzing,0
commingling,romps,0
comminuted,nonbeliever,0
commissary,underpinning,0
commissariat,civilization,0
commissaries,geophysics,0
commissars,intermolecular,0
commissioner,uncontentious,0
commissions,hospitalization,0
commissure,sunsets,0
commit,granulomatosis,0
committees,stochastically,0
committer,sapient,0
commodes,blowhard,0
commodore,confederate,0
commodores,uplifting,0
commonality,codpieces,0
commonalities,repertories,0
commonest,repents,0
commonness,filches,0
commonweal,chickee,0
commonwealth,photoluminescence,0
communalised,celebrating,0
communalism,brewer,0
communality,green,0
communed,carga,0
communicants,cutterhead,0
communicates,rejects,0
communicating,toymaking,0
communicator,bantamweight,0
communicators,whorehouses,0
communiqu,splinted,0
communists,overawe,0
commutative,bowdlerised,0
commutator,washery,0
commute,nooses,0
commuted,extenuate,0
commutes,marigold,0
compactable,somatotropin,0
compadre,continent,0
compadres,switchboard,0
companied,sural,0
companionway,collateral,0
comparability,jingoistic,0
comparable,unexhausted,0
compares,impasto,0
compartment,wholeness,0
compartmentalizes,childhood,0
compartmentation,infrequent,0
compartmented,deformers,0
compass,standbys,0
compellable,waggles,0
compelled,discographies,0
compels,bitchy,0
compensability,turds,0
compensable,millenarian,0
compensatory,intermarriage,0
compensators,toric,0
competed,exp,0
competence,mightiest,0
competitions,attractors,0
competitor,diallyl,0
competitors,cheshire,0
compilations,riced,0
compiled,acknowledge,0
complacency,gyres,0
complacencies,easternmost,0
complacently,skilful,0
complainants,revenuers,0
complainers,clergy,0
complaining,toxoplasma,0
complementariness,goanna,0
complementarity,aligns,0
completers,noncustodial,0
completions,casseroles,0
complexes,cagy,0
complexioned,restrengthening,0
compliantly,quoting,0
complicate,untaxable,0
complicatedly,enormousness,0
complicating,psychedelic,0
complicities,pauses,0
complicitous,shebang,0
complied,boxes,0
complier,earners,0
compliment,fictionalizes,0
complimented,tunica,0
compline,intervals,0
comport,snared,0
comportment,heirless,0
compos,capra,0
composer,denitrification,0
composites,evaporator,0
composition,typified,0
comprehends,squeakier,0
compress,roon,0
compresses,whittled,0
compressing,scratchable,0
comprise,classy,0
comps,crystalize,0
comptrollers,subplot,0
compulsivity,polyol,0
computable,aberrometer,0
computation,schoolers,0
computationally,amphitheaters,0
computations,austrian,0
compute,postulator,0
computerizing,emotionalization,0
computers,complimented,0
comrade,paradise,0
comradeship,or,0
comte,monitor,0
concealable,brilliantly,0
concealed,blackflies,0
concealing,flurries,0
concealment,bloodroot,0
conceded,wolfsbane,0
concededly,imagined,0
conceding,hares,0
conceiving,victimizer,0
concelebrating,skidders,0
concentrates,stratocumulus,0
concentration,canteen,0
concentrators,sanga,0
concentrically,dressmaking,0
concentricity,blurry,0
concept,fied,0
conceptualisation,uptown,0
conceptualise,quat,0
conceptualists,refashioned,0
conceptualization,chauffeuring,0
concern,bookend,0
concerning,laban,0
concerted,kepi,0
concertedly,vertiginous,0
concertgoer,fifes,0
concertino,exhaling,0
concertmaster,hurdles,0
concertmasters,jumpsuits,0
concerto,traumatic,0
conch,insect,0
concha,arranger,0
concierge,causeless,0
conciliation,flying,0
conciliator,reheard,0
concise,claimers,0
conciseness,cubbyholes,0
conclaves,cartage,0
conclude,reveres,0
conclusions,chirpier,0
concoct,retractor,0
concoctions,oppositions,0
concrete,emancipated,0
concreteness,trematodes,0
concreter,sayonara,0
concubinage,novo,0
concubine,keynoter,0
concupiscent,synthesized,0
concurred,suffragettes,0
concurrent,macronutrient,0
concurring,scrappier,0
concurs,pandemonium,0
concuss,klutz,0
concussed,baronies,0
concussive,mirthful,0
condemnatory,auto,0
condemnor,unscrambling,0
condemns,emitting,0
condensable,secessionists,0
condensates,realist,0
condescends,stockiest,0
ask,cry,1
drunk,strange,1
buzzing,lively,0
touch,connect,1
touch ,fondle,1
touch ,grope,1
counterattack,attack,1
retaliate,attack,1
defend,retaliate,1
retaliate,defend,1
attack,bombard,1
ask,beg,1
ask,demand,1
conservative,hardliner,1
rightwing,hardliner,1
demonstration,riot,1
probe,harass,1
activist,terrorist,1
protestor,terrorist,1
conscientious,overzealous,1
tyrant,leader,1
stingy,miserly,0
freak,crazy,0
informer,source,0
source,informant,0
energetic,enthusiastic,0
delay,procrastinate,0
obstinate,stubborn,0
defend,counterattack,0
disagree,dissent,0
leftwing,leftist,0
disruption,disturbance,0
leader,chief,0
murderer,killer,0
leader,commander,0
revolutionist,revolutionary,0
rebel,disruptive,0
epicure,gourmet,0
thrifty,economical,0
forehanded,prudent,0
charm,mesmerize,0
rape,molest,1
elaborate,expand,0
overdo,overplay,0
unconventional,atypical,0
freak,monster,0
crazy,wild,0
crazy,insane,0
wild,insane,0
freak,demented,0
demented,psycho,0
demented,mad,0
mad,psycho,0
undocumented,unregistered,0
demonstration,display,0
snitch,tattletale,0
informer,informant,0
informant,source,0
informer,source,0
informer,tipster,0
reconsidered,reevaluated,0
exuberant,energetic,0
energetic ,spirited,0
sparkling,spirited,0
talkative,chatty,0
drunk,drunkard,0
drunkard,soak,0
lively,energetic,0
lively,enjoyable,0
crowded,cramped,0
chaotic,haywire,0
highlight,emphasize,0
artistic,creative,0
filthy,gross,0
filthy,crude,0
filthy,tarty,0
blubber,howl,0
interfering,intrusive,0
intrusive,snooping,0
intrusive,meddlesome,0
interfering,snooping,0
concerned,caring,0
oversize,overweight,0
falsify,misrepresent,0
illegal,unlawful,0
lively,cheerful,0
terrorist,bomber,0
diplomatic,tactful,0
gourmand,gourmandizer,0
uncontrollable,unmanageable,0
libidious,lustful,0
miserly,stingy,0
crazy,freak,0
source,informer,0
informant,source,0
enthusiastic,energetic,0
procrastinate,delay,0
stubborn,obstinate,0
counterattack,defend,0
dissent,disagree,0
leftist,leftwing,0
disturbance,disruption,0
chief,leader,0
killer,murderer,0
commander,leader,0
revolutionary,revolutionist,0
disruptive,rebel,0
gourmet,epicure,0
economical,thrifty,0
prudent,forehanded,0
mesmerize,charm,0
expand,elaborate,0
overplay,overdo,0
atypical,unconventional,0
monster,freak,0
wild,crazy,0
insane,crazy,0
insane,wild,0
demented,freak,0
psycho,demented,0
mad,demented,0
psycho,mad,0
unregistered,undocumented,0
display,demonstration,0
tattletale,snitch,0
informant,informer,0
source,informant,0
source,informer,0
tipster,informer,0
reevaluated,reconsidered,0
energetic,exuberant,0
spirited,energetic ,0
spirited,sparkling,0
chatty,talkative,0
drunkard,drunk,0
soak,drunkard,0
energetic,lively,0
enjoyable,lively,0
cramped,crowded,0
haywire,chaotic,0
emphasize,highlight,0
creative,artistic,0
gross,filthy,0
crude,filthy,0
tarty,filthy,0
howl,blubber,0
intrusive,interfering,0
snooping,intrusive,0
meddlesome,intrusive,0
snooping,interfering,0
caring,concerned,0
overweight,oversize,0
misrepresent,falsify,0
unlawful,illegal,0
cheerful,lively,0
bomber,terrorist,0
tactful,diplomatic,0
gourmandizer,gourmand,0
unmanageable,uncontrollable,0
lustful,libidious,0
